edo_num,edo,tm,anio,s,ts,ssm
1,Aguascalientes,1,2004,0.1667,16.67,0
1,Aguascalientes,2,2004,0.1176,11.76,0
1,Aguascalientes,3,2004,0.0714,7.14,0
1,Aguascalientes,4,2004,0.098,9.8,0
1,Aguascalientes,1,2005,0.0667,6.67,0
1,Aguascalientes,2,2005,0.14,14,0
1,Aguascalientes,3,2005,0.04,4,0
1,Aguascalientes,4,2005,0.0682,6.82,0
1,Aguascalientes,1,2006,0.0896,8.96,0
1,Aguascalientes,2,2006,0.0816,8.16,0
1,Aguascalientes,3,2006,0.0444,4.44,0
1,Aguascalientes,4,2006,0.0857,8.57,0
1,Aguascalientes,1,2007,0.0192,1.92,0
1,Aguascalientes,2,2007,0.0893,8.93,0
1,Aguascalientes,3,2007,0.1053,10.53,0
1,Aguascalientes,4,2007,0.0847,8.47,0
1,Aguascalientes,1,2008,0.0469,4.69,0
1,Aguascalientes,2,2008,0.0156,1.56,0
1,Aguascalientes,3,2008,0.069,6.9,0
1,Aguascalientes,4,2008,0.0145,1.45,0
1,Aguascalientes,1,2009,0.0328,3.28,0
1,Aguascalientes,2,2009,0.0893,8.93,0
1,Aguascalientes,3,2009,0.0426,4.26,0
1,Aguascalientes,4,2009,0.0375,3.75,0
1,Aguascalientes,1,2010,0.0962,9.62,0
1,Aguascalientes,2,2010,0.0755,7.55,0
1,Aguascalientes,3,2010,0.1186,11.86,0
1,Aguascalientes,4,2010,0.0513,5.13,0
1,Aguascalientes,1,2011,0.1014,10.14,0
1,Aguascalientes,2,2011,0.1687,16.87,0
1,Aguascalientes,3,2011,0.14,14,0
1,Aguascalientes,4,2011,0.1364,13.64,0
1,Aguascalientes,1,2012,0.0952,9.52,0
1,Aguascalientes,2,2012,0.1774,17.74,0
1,Aguascalientes,3,2012,0.1096,10.96,0
1,Aguascalientes,4,2012,0.1757,17.57,0
1,Aguascalientes,1,2013,0.0893,8.93,0
1,Aguascalientes,2,2013,0.137,13.7,0
1,Aguascalientes,3,2013,0.1186,11.86,0
1,Aguascalientes,4,2013,0.1389,13.89,0
1,Aguascalientes,1,2014,0.1159,11.59,0
1,Aguascalientes,2,2014,0.2031,20.31,0
1,Aguascalientes,3,2014,0.1639,16.39,0
1,Aguascalientes,4,2014,0.1644,16.44,0
1,Aguascalientes,1,2015,0.1029,10.29,0
1,Aguascalientes,2,2015,0.08,8,0
1,Aguascalientes,3,2015,0.1549,15.49,0
1,Aguascalientes,4,2015,0.1605,16.05,0
1,Aguascalientes,1,2016,0.1286,12.86,0
1,Aguascalientes,2,2016,0.1803,18.03,0
1,Aguascalientes,3,2016,0.15,15,0
1,Aguascalientes,4,2016,0.0986,9.86,0
1,Aguascalientes,1,2017,0.1772,17.72,0
1,Aguascalientes,2,2017,0.1692,16.92,0
1,Aguascalientes,3,2017,0.1111,11.11,0
1,Aguascalientes,4,2017,0.1549,15.49,0
1,Aguascalientes,1,2018,0.1803,18.03,0
1,Aguascalientes,2,2018,0.2308,23.08,0
1,Aguascalientes,3,2018,0.1081,10.81,0
1,Aguascalientes,4,2018,0.1154,11.54,0
1,Aguascalientes,1,2019,0.1207,12.07,0
1,Aguascalientes,2,2019,0.1944,19.44,0
1,Aguascalientes,3,2019,0.1774,17.74,0
1,Aguascalientes,4,2019,0.1667,16.67,0
1,Aguascalientes,1,2020,0.2029,20.29,0
1,Aguascalientes,2,2020,0.1558,15.58,0
1,Aguascalientes,3,2020,0.1818,18.18,0
1,Aguascalientes,4,2020,0.1839,18.39,0
2,Baja California,1,2004,0.0566,5.66,0
2,Baja California,2,2004,0.0432,4.32,0
2,Baja California,3,2004,0.0636,6.36,0
2,Baja California,4,2004,0.0368,3.68,0
2,Baja California,1,2005,0.0645,6.45,0
2,Baja California,2,2005,0.027,2.7,0
2,Baja California,3,2005,0.0319,3.19,0
2,Baja California,4,2005,0.0105,1.05,0
2,Baja California,1,2006,0.0429,4.29,0
2,Baja California,2,2006,0.0429,4.29,0
2,Baja California,3,2006,0.0422,4.22,0
2,Baja California,4,2006,0.0255,2.55,0
2,Baja California,1,2007,0.0364,3.64,0
2,Baja California,2,2007,0.0506,5.06,0
2,Baja California,3,2007,0.0351,3.51,0
2,Baja California,4,2007,0.011,1.1,0
2,Baja California,1,2008,0.0471,4.71,0
2,Baja California,2,2008,0.0872,8.72,0
2,Baja California,3,2008,0.0385,3.85,0
2,Baja California,4,2008,0.0129,1.29,0
2,Baja California,1,2009,0.0079,0.79,0
2,Baja California,2,2009,0.0286,2.86,0
2,Baja California,3,2009,0.0307,3.07,0
2,Baja California,4,2009,0.0142,1.42,0
2,Baja California,1,2010,0.0216,2.16,0
2,Baja California,2,2010,0.008,0.8,0
2,Baja California,3,2010,0.0248,2.48,0
2,Baja California,4,2010,0.0052,0.52,0
2,Baja California,1,2011,0.035,3.5,0
2,Baja California,2,2011,0.0508,5.08,0
2,Baja California,3,2011,0.0782,7.82,0
2,Baja California,4,2011,0.06,6,0
2,Baja California,1,2012,0.0446,4.46,0
2,Baja California,2,2012,0.0547,5.47,0
2,Baja California,3,2012,0.0275,2.75,0
2,Baja California,4,2012,0.0345,3.45,0
2,Baja California,1,2013,0.0335,3.35,0
2,Baja California,2,2013,0.0341,3.41,0
2,Baja California,3,2013,0.0492,4.92,0
2,Baja California,4,2013,0.0374,3.74,0
2,Baja California,1,2014,0.0764,7.64,0
2,Baja California,2,2014,0.0784,7.84,0
2,Baja California,3,2014,0.075,7.5,0
2,Baja California,4,2014,0.0455,4.55,0
2,Baja California,1,2015,0.0333,3.33,0
2,Baja California,2,2015,0.0865,8.65,0
2,Baja California,3,2015,0.0428,4.28,0
2,Baja California,4,2015,0.0521,5.21,0
2,Baja California,1,2016,0.0365,3.65,0
2,Baja California,2,2016,0.0503,5.03,0
2,Baja California,3,2016,0.06,6,0
2,Baja California,4,2016,0.0631,6.31,0
2,Baja California,1,2017,0.0342,3.42,0
2,Baja California,2,2017,0.0508,5.08,0
2,Baja California,3,2017,0.0469,4.69,0
2,Baja California,4,2017,0.0412,4.12,0
2,Baja California,1,2018,0.0391,3.91,0
2,Baja California,2,2018,0.0561,5.61,0
2,Baja California,3,2018,0.0833,8.33,0
2,Baja California,4,2018,0.0324,3.24,0
2,Baja California,1,2019,0.0221,2.21,0
2,Baja California,2,2019,0.0417,4.17,0
2,Baja California,3,2019,0.045,4.5,0
2,Baja California,4,2019,0.0271,2.71,0
2,Baja California,1,2020,0.0463,4.63,0
2,Baja California,2,2020,0.0279,2.79,0
2,Baja California,3,2020,0.0131,1.31,0
2,Baja California,4,2020,0.0065,0.65,0
3,Baja California Sur,1,2004,0.1,10,0
3,Baja California Sur,2,2004,0.2174,21.74,0
3,Baja California Sur,3,2004,0.1111,11.11,0
3,Baja California Sur,4,2004,0.1,10,0
3,Baja California Sur,1,2005,0.0741,7.41,0
3,Baja California Sur,2,2005,0.05,5,0
3,Baja California Sur,3,2005,0.1212,12.12,0
3,Baja California Sur,4,2005,0.0833,8.33,0
3,Baja California Sur,1,2006,0.0667,6.67,0
3,Baja California Sur,2,2006,0.0882,8.82,0
3,Baja California Sur,3,2006,0.0769,7.69,0
3,Baja California Sur,4,2006,0.1154,11.54,0
3,Baja California Sur,1,2007,0.0303,3.03,0
3,Baja California Sur,2,2007,0.1081,10.81,0
3,Baja California Sur,3,2007,0.1714,17.14,0
3,Baja California Sur,4,2007,0.087,8.7,0
3,Baja California Sur,1,2008,0.0645,6.45,0
3,Baja California Sur,2,2008,0.0222,2.22,0
3,Baja California Sur,3,2008,0.0714,7.14,0
3,Baja California Sur,4,2008,0.0465,4.65,0
3,Baja California Sur,1,2009,0.0476,4.76,0
3,Baja California Sur,2,2009,0.1538,15.38,0
3,Baja California Sur,3,2009,0.0968,9.68,0
3,Baja California Sur,4,2009,0.1154,11.54,0
3,Baja California Sur,1,2010,0.0476,4.76,0
3,Baja California Sur,2,2010,0.0938,9.38,0
3,Baja California Sur,3,2010,0.1481,14.81,0
3,Baja California Sur,4,2010,0.0857,8.57,0
3,Baja California Sur,1,2011,0.0645,6.45,0
3,Baja California Sur,2,2011,0.0435,4.35,0
3,Baja California Sur,3,2011,0,0,0
3,Baja California Sur,4,2011,0.1304,13.04,0
3,Baja California Sur,1,2012,0.0909,9.09,0
3,Baja California Sur,2,2012,0.25,25,0
3,Baja California Sur,3,2012,0.0526,5.26,0
3,Baja California Sur,4,2012,0.1,10,0
3,Baja California Sur,1,2013,0.16,16,0
3,Baja California Sur,2,2013,0.2083,20.83,0
3,Baja California Sur,3,2013,0.1471,14.71,0
3,Baja California Sur,4,2013,0.04,4,0
3,Baja California Sur,1,2014,0.0968,9.68,0
3,Baja California Sur,2,2014,0.1429,14.29,0
3,Baja California Sur,3,2014,0.1379,13.79,0
3,Baja California Sur,4,2014,0.0909,9.09,0
3,Baja California Sur,1,2015,0.04,4,0
3,Baja California Sur,2,2015,0.1064,10.64,0
3,Baja California Sur,3,2015,0.0952,9.52,0
3,Baja California Sur,4,2015,0.0333,3.33,0
3,Baja California Sur,1,2016,0.0357,3.57,0
3,Baja California Sur,2,2016,0.1739,17.39,0
3,Baja California Sur,3,2016,0.0968,9.68,0
3,Baja California Sur,4,2016,0.1273,12.73,0
3,Baja California Sur,1,2017,0.0588,5.88,0
3,Baja California Sur,2,2017,0.0222,2.22,0
3,Baja California Sur,3,2017,0.05,5,0
3,Baja California Sur,4,2017,0.0645,6.45,0
3,Baja California Sur,1,2018,0.0435,4.35,0
3,Baja California Sur,2,2018,0.2121,21.21,0
3,Baja California Sur,3,2018,0.1515,15.15,0
3,Baja California Sur,4,2018,0.1351,13.51,0
3,Baja California Sur,1,2019,0.1463,14.63,0
3,Baja California Sur,2,2019,0.0968,9.68,0
3,Baja California Sur,3,2019,0.05,5,1
3,Baja California Sur,4,2019,0.0417,4.17,1
3,Baja California Sur,1,2020,0.1818,18.18,1
3,Baja California Sur,2,2020,0.0833,8.33,1
3,Baja California Sur,3,2020,0.0938,9.38,1
3,Baja California Sur,4,2020,0,0,1
4,Campeche,1,2004,0.1892,18.92,0
4,Campeche,2,2004,0.1795,17.95,0
4,Campeche,3,2004,0.1818,18.18,0
4,Campeche,4,2004,0.2,20,0
4,Campeche,1,2005,0.1154,11.54,0
4,Campeche,2,2005,0.0625,6.25,0
4,Campeche,3,2005,0.0698,6.98,0
4,Campeche,4,2005,0.1707,17.07,0
4,Campeche,1,2006,0.1351,13.51,0
4,Campeche,2,2006,0.1579,15.79,0
4,Campeche,3,2006,0.0769,7.69,0
4,Campeche,4,2006,0.1351,13.51,0
4,Campeche,1,2007,0.1944,19.44,0
4,Campeche,2,2007,0.1515,15.15,0
4,Campeche,3,2007,0.0789,7.89,0
4,Campeche,4,2007,0.2,20,0
4,Campeche,1,2008,0.2308,23.08,0
4,Campeche,2,2008,0.2051,20.51,0
4,Campeche,3,2008,0.1458,14.58,0
4,Campeche,4,2008,0.1515,15.15,0
4,Campeche,1,2009,0.0882,8.82,0
4,Campeche,2,2009,0.02,2,0
4,Campeche,3,2009,0.2045,20.45,0
4,Campeche,4,2009,0.1346,13.46,0
4,Campeche,1,2010,0.0333,3.33,0
4,Campeche,2,2010,0.125,12.5,0
4,Campeche,3,2010,0.1515,15.15,0
4,Campeche,4,2010,0.0588,5.88,0
4,Campeche,1,2011,0.1111,11.11,0
4,Campeche,2,2011,0.0976,9.76,0
4,Campeche,3,2011,0.2941,29.41,0
4,Campeche,4,2011,0.1739,17.39,0
4,Campeche,1,2012,0.0513,5.13,0
4,Campeche,2,2012,0.1132,11.32,0
4,Campeche,3,2012,0.1628,16.28,0
4,Campeche,4,2012,0.0278,2.78,0
4,Campeche,1,2013,0.2143,21.43,0
4,Campeche,2,2013,0.2222,22.22,0
4,Campeche,3,2013,0.1304,13.04,0
4,Campeche,4,2013,0.1163,11.63,0
4,Campeche,1,2014,0.1111,11.11,0
4,Campeche,2,2014,0.2045,20.45,0
4,Campeche,3,2014,0.1875,18.75,0
4,Campeche,4,2014,0.1379,13.79,0
4,Campeche,1,2015,0.1754,17.54,0
4,Campeche,2,2015,0.1842,18.42,0
4,Campeche,3,2015,0.1471,14.71,0
4,Campeche,4,2015,0.1698,16.98,0
4,Campeche,1,2016,0.2,20,0
4,Campeche,2,2016,0.1563,15.63,0
4,Campeche,3,2016,0.1429,14.29,1
4,Campeche,4,2016,0.0811,8.11,1
4,Campeche,1,2017,0.0889,8.89,1
4,Campeche,2,2017,0.1957,19.57,1
4,Campeche,3,2017,0.1509,15.09,1
4,Campeche,4,2017,0.1,10,1
4,Campeche,1,2018,0.08,8,1
4,Campeche,2,2018,0,0,1
4,Campeche,3,2018,0.1111,11.11,1
4,Campeche,4,2018,0.1163,11.63,1
4,Campeche,1,2019,0.1429,14.29,1
4,Campeche,2,2019,0.2093,20.93,1
4,Campeche,3,2019,0.1458,14.58,1
4,Campeche,4,2019,0.1707,17.07,1
4,Campeche,1,2020,0.1282,12.82,1
4,Campeche,2,2020,0.1026,10.26,1
4,Campeche,3,2020,0.1167,11.67,1
4,Campeche,4,2020,0.1364,13.64,1
5,Coahuila,1,2004,0.0875,8.75,0
5,Coahuila,2,2004,0.1222,12.22,0
5,Coahuila,3,2004,0.1023,10.23,0
5,Coahuila,4,2004,0.0805,8.05,0
5,Coahuila,1,2005,0.1628,16.28,0
5,Coahuila,2,2005,0.1009,10.09,0
5,Coahuila,3,2005,0.0693,6.93,0
5,Coahuila,4,2005,0.0984,9.84,0
5,Coahuila,1,2006,0.11,11,0
5,Coahuila,2,2006,0.0945,9.45,0
5,Coahuila,3,2006,0.14,14,0
5,Coahuila,4,2006,0.1327,13.27,0
5,Coahuila,1,2007,0.1075,10.75,0
5,Coahuila,2,2007,0.0901,9.01,0
5,Coahuila,3,2007,0.0567,5.67,0
5,Coahuila,4,2007,0.098,9.8,0
5,Coahuila,1,2008,0.0973,9.73,0
5,Coahuila,2,2008,0.1579,15.79,0
5,Coahuila,3,2008,0.1019,10.19,0
5,Coahuila,4,2008,0.1,10,0
5,Coahuila,1,2009,0.1024,10.24,0
5,Coahuila,2,2009,0.0889,8.89,0
5,Coahuila,3,2009,0.0676,6.76,0
5,Coahuila,4,2009,0.1016,10.16,0
5,Coahuila,1,2010,0.0933,9.33,0
5,Coahuila,2,2010,0.1,10,0
5,Coahuila,3,2010,0.0933,9.33,0
5,Coahuila,4,2010,0.04,4,0
5,Coahuila,1,2011,0.1181,11.81,0
5,Coahuila,2,2011,0.0711,7.11,0
5,Coahuila,3,2011,0.1026,10.26,0
5,Coahuila,4,2011,0.0625,6.25,0
5,Coahuila,1,2012,0.0707,7.07,0
5,Coahuila,2,2012,0.04,4,0
5,Coahuila,3,2012,0.0601,6.01,0
5,Coahuila,4,2012,0.0545,5.45,0
5,Coahuila,1,2013,0.0777,7.77,0
5,Coahuila,2,2013,0.0765,7.65,0
5,Coahuila,3,2013,0.0696,6.96,0
5,Coahuila,4,2013,0.0761,7.61,0
5,Coahuila,1,2014,0.0571,5.71,0
5,Coahuila,2,2014,0.0893,8.93,0
5,Coahuila,3,2014,0.1053,10.53,0
5,Coahuila,4,2014,0.1131,11.31,1
5,Coahuila,1,2015,0.0861,8.61,1
5,Coahuila,2,2015,0.0548,5.48,1
5,Coahuila,3,2015,0.1324,13.24,1
5,Coahuila,4,2015,0.1705,17.05,1
5,Coahuila,1,2016,0.1417,14.17,1
5,Coahuila,2,2016,0.0821,8.21,1
5,Coahuila,3,2016,0.1031,10.31,1
5,Coahuila,4,2016,0.1587,15.87,1
5,Coahuila,1,2017,0.1364,13.64,1
5,Coahuila,2,2017,0.1357,13.57,1
5,Coahuila,3,2017,0.1348,13.48,1
5,Coahuila,4,2017,0.1636,16.36,1
5,Coahuila,1,2018,0.1491,14.91,1
5,Coahuila,2,2018,0.1765,17.65,1
5,Coahuila,3,2018,0.122,12.2,1
5,Coahuila,4,2018,0.1389,13.89,1
5,Coahuila,1,2019,0.1349,13.49,1
5,Coahuila,2,2019,0.1301,13.01,1
5,Coahuila,3,2019,0.1603,16.03,1
5,Coahuila,4,2019,0.2443,24.43,1
5,Coahuila,1,2020,0.0923,9.23,1
5,Coahuila,2,2020,0.2233,22.33,1
5,Coahuila,3,2020,0.1034,10.34,1
5,Coahuila,4,2020,0.1471,14.71,1
6,Colima,1,2004,0.0909,9.09,0
6,Colima,2,2004,0.1818,18.18,0
6,Colima,3,2004,0.0345,3.45,0
6,Colima,4,2004,0.0667,6.67,0
6,Colima,1,2005,0.0435,4.35,0
6,Colima,2,2005,0.05,5,0
6,Colima,3,2005,0.0714,7.14,0
6,Colima,4,2005,0,0,0
6,Colima,1,2006,0.0741,7.41,0
6,Colima,2,2006,0.1111,11.11,0
6,Colima,3,2006,0.0333,3.33,0
6,Colima,4,2006,0.1481,14.81,0
6,Colima,1,2007,0,0,0
6,Colima,2,2007,0.25,25,0
6,Colima,3,2007,0,0,0
6,Colima,4,2007,0.0323,3.23,0
6,Colima,1,2008,0.04,4,0
6,Colima,2,2008,0.0667,6.67,0
6,Colima,3,2008,0.0385,3.85,0
6,Colima,4,2008,0.1,10,0
6,Colima,1,2009,0.0476,4.76,0
6,Colima,2,2009,0,0,0
6,Colima,3,2009,0.0909,9.09,0
6,Colima,4,2009,0.069,6.9,0
6,Colima,1,2010,0.069,6.9,0
6,Colima,2,2010,0.0857,8.57,0
6,Colima,3,2010,0.1538,15.38,0
6,Colima,4,2010,0.0313,3.13,0
6,Colima,1,2011,0.2258,22.58,0
6,Colima,2,2011,0.0889,8.89,0
6,Colima,3,2011,0,0,0
6,Colima,4,2011,0.1429,14.29,0
6,Colima,1,2012,0.0909,9.09,0
6,Colima,2,2012,0.0727,7.27,0
6,Colima,3,2012,0.0263,2.63,0
6,Colima,4,2012,0.0238,2.38,0
6,Colima,1,2013,0.1333,13.33,0
6,Colima,2,2013,0.0303,3.03,0
6,Colima,3,2013,0.0263,2.63,0
6,Colima,4,2013,0.0667,6.67,0
6,Colima,1,2014,0.0286,2.86,0
6,Colima,2,2014,0.1143,11.43,0
6,Colima,3,2014,0.0571,5.71,0
6,Colima,4,2014,0.0857,8.57,0
6,Colima,1,2015,0.0938,9.38,0
6,Colima,2,2015,0.0588,5.88,0
6,Colima,3,2015,0.0789,7.89,0
6,Colima,4,2015,0.0377,3.77,0
6,Colima,1,2016,0.0615,6.15,0
6,Colima,2,2016,0.0735,7.35,0
6,Colima,3,2016,0.0317,3.17,1
6,Colima,4,2016,0.0533,5.33,1
6,Colima,1,2017,0.0317,3.17,1
6,Colima,2,2017,0.0694,6.94,1
6,Colima,3,2017,0.0267,2.67,1
6,Colima,4,2017,0.0128,1.28,1
6,Colima,1,2018,0.1034,10.34,1
6,Colima,2,2018,0.0429,4.29,1
6,Colima,3,2018,0.0208,2.08,1
6,Colima,4,2018,0.0154,1.54,1
6,Colima,1,2019,0.037,3.7,1
6,Colima,2,2019,0.0282,2.82,1
6,Colima,3,2019,0.0274,2.74,1
6,Colima,4,2019,0.0247,2.47,1
6,Colima,1,2020,0.013,1.3,1
6,Colima,2,2020,0.0323,3.23,1
6,Colima,3,2020,0.0385,3.85,1
6,Colima,4,2020,0.0196,1.96,1
7,Chiapas,1,2004,0.0172,1.72,0
7,Chiapas,2,2004,0.0348,3.48,0
7,Chiapas,3,2004,0.0451,4.51,0
7,Chiapas,4,2004,0.0258,2.58,0
7,Chiapas,1,2005,0.0251,2.51,0
7,Chiapas,2,2005,0.0482,4.82,0
7,Chiapas,3,2005,0.0606,6.06,0
7,Chiapas,4,2005,0.0451,4.51,0
7,Chiapas,1,2006,0.0572,5.72,0
7,Chiapas,2,2006,0.061,6.1,0
7,Chiapas,3,2006,0.0192,1.92,0
7,Chiapas,4,2006,0.0256,2.56,0
7,Chiapas,1,2007,0.0037,0.37,0
7,Chiapas,2,2007,0.003,0.3,0
7,Chiapas,3,2007,0.0066,0.66,0
7,Chiapas,4,2007,0.0133,1.33,0
7,Chiapas,1,2008,0.0392,3.92,0
7,Chiapas,2,2008,0.0128,1.28,0
7,Chiapas,3,2008,0.0122,1.22,0
7,Chiapas,4,2008,0.0351,3.51,0
7,Chiapas,1,2009,0.0476,4.76,0
7,Chiapas,2,2009,0.0698,6.98,0
7,Chiapas,3,2009,0.0386,3.86,0
7,Chiapas,4,2009,0.0472,4.72,0
7,Chiapas,1,2010,0.0132,1.32,0
7,Chiapas,2,2010,0.0322,3.22,0
7,Chiapas,3,2010,0,0,0
7,Chiapas,4,2010,0.0336,3.36,0
7,Chiapas,1,2011,0.1006,10.06,0
7,Chiapas,2,2011,0.064,6.4,0
7,Chiapas,3,2011,0.0844,8.44,0
7,Chiapas,4,2011,0.0704,7.04,0
7,Chiapas,1,2012,0.0456,4.56,0
7,Chiapas,2,2012,0.065,6.5,0
7,Chiapas,3,2012,0.0971,9.71,0
7,Chiapas,4,2012,0.081,8.1,0
7,Chiapas,1,2013,0.0921,9.21,0
7,Chiapas,2,2013,0.0873,8.73,0
7,Chiapas,3,2013,0.118,11.8,0
7,Chiapas,4,2013,0.0544,5.44,0
7,Chiapas,1,2014,0.1079,10.79,0
7,Chiapas,2,2014,0.095,9.5,0
7,Chiapas,3,2014,0.1091,10.91,0
7,Chiapas,4,2014,0.0985,9.85,0
7,Chiapas,1,2015,0.1093,10.93,0
7,Chiapas,2,2015,0.1006,10.06,0
7,Chiapas,3,2015,0.0896,8.96,0
7,Chiapas,4,2015,0.0922,9.22,0
7,Chiapas,1,2016,0.0938,9.38,0
7,Chiapas,2,2016,0.1061,10.61,0
7,Chiapas,3,2016,0.0564,5.64,0
7,Chiapas,4,2016,0.0828,8.28,0
7,Chiapas,1,2017,0.1003,10.03,0
7,Chiapas,2,2017,0.0613,6.13,0
7,Chiapas,3,2017,0.0935,9.35,0
7,Chiapas,4,2017,0.0818,8.18,0
7,Chiapas,1,2018,0.0322,3.22,0
7,Chiapas,2,2018,0.0318,3.18,0
7,Chiapas,3,2018,0.0456,4.56,0
7,Chiapas,4,2018,0.0359,3.59,0
7,Chiapas,1,2019,0.0526,5.26,0
7,Chiapas,2,2019,0.0651,6.51,0
7,Chiapas,3,2019,0.0515,5.15,0
7,Chiapas,4,2019,0.0802,8.02,0
7,Chiapas,1,2020,0.0547,5.47,0
7,Chiapas,2,2020,0.072,7.2,0
7,Chiapas,3,2020,0.0574,5.74,0
7,Chiapas,4,2020,0.0458,4.58,0
8,Chihuahua,1,2004,0.0551,5.51,0
8,Chihuahua,2,2004,0.0833,8.33,0
8,Chihuahua,3,2004,0.0769,7.69,0
8,Chihuahua,4,2004,0.0855,8.55,0
8,Chihuahua,1,2005,0.0734,7.34,0
8,Chihuahua,2,2005,0.1009,10.09,0
8,Chihuahua,3,2005,0.1244,12.44,0
8,Chihuahua,4,2005,0.0766,7.66,0
8,Chihuahua,1,2006,0.0892,8.92,0
8,Chihuahua,2,2006,0.0794,7.94,0
8,Chihuahua,3,2006,0.113,11.3,0
8,Chihuahua,4,2006,0.0528,5.28,0
8,Chihuahua,1,2007,0.0539,5.39,0
8,Chihuahua,2,2007,0.0891,8.91,0
8,Chihuahua,3,2007,0.0453,4.53,0
8,Chihuahua,4,2007,0.048,4.8,0
8,Chihuahua,1,2008,0.0498,4.98,0
8,Chihuahua,2,2008,0.054,5.4,0
8,Chihuahua,3,2008,0.0352,3.52,0
8,Chihuahua,4,2008,0.0381,3.81,0
8,Chihuahua,1,2009,0.0388,3.88,0
8,Chihuahua,2,2009,0.0532,5.32,0
8,Chihuahua,3,2009,0.0438,4.38,0
8,Chihuahua,4,2009,0.0305,3.05,0
8,Chihuahua,1,2010,0.0282,2.82,0
8,Chihuahua,2,2010,0.0284,2.84,0
8,Chihuahua,3,2010,0.0242,2.42,0
8,Chihuahua,4,2010,0.024,2.4,0
8,Chihuahua,1,2011,0.0208,2.08,0
8,Chihuahua,2,2011,0.0508,5.08,0
8,Chihuahua,3,2011,0.0493,4.93,0
8,Chihuahua,4,2011,0.0478,4.78,0
8,Chihuahua,1,2012,0.0326,3.26,0
8,Chihuahua,2,2012,0.0523,5.23,0
8,Chihuahua,3,2012,0.0562,5.62,0
8,Chihuahua,4,2012,0.0774,7.74,0
8,Chihuahua,1,2013,0.0637,6.37,0
8,Chihuahua,2,2013,0.0758,7.58,0
8,Chihuahua,3,2013,0.0918,9.18,0
8,Chihuahua,4,2013,0.0725,7.25,0
8,Chihuahua,1,2014,0.0865,8.65,0
8,Chihuahua,2,2014,0.109,10.9,0
8,Chihuahua,3,2014,0.1176,11.76,0
8,Chihuahua,4,2014,0.0843,8.43,0
8,Chihuahua,1,2015,0.101,10.1,0
8,Chihuahua,2,2015,0.128,12.8,0
8,Chihuahua,3,2015,0.0939,9.39,0
8,Chihuahua,4,2015,0.1245,12.45,0
8,Chihuahua,1,2016,0.1536,15.36,0
8,Chihuahua,2,2016,0.1498,14.98,0
8,Chihuahua,3,2016,0.1231,12.31,0
8,Chihuahua,4,2016,0.0962,9.62,0
8,Chihuahua,1,2017,0.1096,10.96,0
8,Chihuahua,2,2017,0.1117,11.17,0
8,Chihuahua,3,2017,0.115,11.5,0
8,Chihuahua,4,2017,0.0726,7.26,0
8,Chihuahua,1,2018,0.083,8.3,0
8,Chihuahua,2,2018,0.1478,14.78,0
8,Chihuahua,3,2018,0.0726,7.26,0
8,Chihuahua,4,2018,0.0767,7.67,0
8,Chihuahua,1,2019,0.0957,9.57,0
8,Chihuahua,2,2019,0.0818,8.18,0
8,Chihuahua,3,2019,0.0707,7.07,0
8,Chihuahua,4,2019,0.0974,9.74,0
8,Chihuahua,1,2020,0.1145,11.45,0
8,Chihuahua,2,2020,0.1018,10.18,0
8,Chihuahua,3,2020,0.1187,11.87,0
8,Chihuahua,4,2020,0.1039,10.39,0
9,Ciudad de México,1,2004,0.0542,5.42,0
9,Ciudad de México,2,2004,0.0684,6.84,0
9,Ciudad de México,3,2004,0.071,7.1,0
9,Ciudad de México,4,2004,0.0818,8.18,0
9,Ciudad de México,1,2005,0.0646,6.46,0
9,Ciudad de México,2,2005,0.0693,6.93,0
9,Ciudad de México,3,2005,0.0714,7.14,0
9,Ciudad de México,4,2005,0.0914,9.14,0
9,Ciudad de México,1,2006,0.0607,6.07,0
9,Ciudad de México,2,2006,0.0639,6.39,0
9,Ciudad de México,3,2006,0.065,6.5,0
9,Ciudad de México,4,2006,0.0598,5.98,0
9,Ciudad de México,1,2007,0.0627,6.27,0
9,Ciudad de México,2,2007,0.0816,8.16,0
9,Ciudad de México,3,2007,0.0695,6.95,0
9,Ciudad de México,4,2007,0.0494,4.94,0
9,Ciudad de México,1,2008,0.0561,5.61,0
9,Ciudad de México,2,2008,0.0638,6.38,0
9,Ciudad de México,3,2008,0.0668,6.68,0
9,Ciudad de México,4,2008,0.0679,6.79,0
9,Ciudad de México,1,2009,0.1005,10.05,0
9,Ciudad de México,2,2009,0.0775,7.75,0
9,Ciudad de México,3,2009,0.0907,9.07,0
9,Ciudad de México,4,2009,0.0701,7.01,0
9,Ciudad de México,1,2010,0.0797,7.97,0
9,Ciudad de México,2,2010,0.0896,8.96,1
9,Ciudad de México,3,2010,0.1069,10.69,1
9,Ciudad de México,4,2010,0.0647,6.47,1
9,Ciudad de México,1,2011,0.0838,8.38,1
9,Ciudad de México,2,2011,0.1179,11.79,1
9,Ciudad de México,3,2011,0.1273,12.73,1
9,Ciudad de México,4,2011,0.1155,11.55,1
9,Ciudad de México,1,2012,0.0886,8.86,1
9,Ciudad de México,2,2012,0.0993,9.93,1
9,Ciudad de México,3,2012,0.1407,14.07,1
9,Ciudad de México,4,2012,0.1178,11.78,1
9,Ciudad de México,1,2013,0.0897,8.97,1
9,Ciudad de México,2,2013,0.0879,8.79,1
9,Ciudad de México,3,2013,0.0874,8.74,1
9,Ciudad de México,4,2013,0.0696,6.96,1
9,Ciudad de México,1,2014,0.0791,7.91,1
9,Ciudad de México,2,2014,0.1149,11.49,1
9,Ciudad de México,3,2014,0.1085,10.85,1
9,Ciudad de México,4,2014,0.1223,12.23,1
9,Ciudad de México,1,2015,0.1197,11.97,1
9,Ciudad de México,2,2015,0.1017,10.17,1
9,Ciudad de México,3,2015,0.0836,8.36,1
9,Ciudad de México,4,2015,0.07,7,1
9,Ciudad de México,1,2016,0.0746,7.46,1
9,Ciudad de México,2,2016,0.0833,8.33,1
9,Ciudad de México,3,2016,0.0933,9.33,1
9,Ciudad de México,4,2016,0.0705,7.05,1
9,Ciudad de México,1,2017,0.0623,6.23,1
9,Ciudad de México,2,2017,0.0864,8.64,1
9,Ciudad de México,3,2017,0.0508,5.08,1
9,Ciudad de México,4,2017,0.0635,6.35,1
9,Ciudad de México,1,2018,0.0658,6.58,1
9,Ciudad de México,2,2018,0.0872,8.72,1
9,Ciudad de México,3,2018,0.0446,4.46,1
9,Ciudad de México,4,2018,0.0455,4.55,1
9,Ciudad de México,1,2019,0.0197,1.97,1
9,Ciudad de México,2,2019,0.0318,3.18,1
9,Ciudad de México,3,2019,0.0661,6.61,1
9,Ciudad de México,4,2019,0.0925,9.25,1
9,Ciudad de México,1,2020,0.1301,13.01,1
9,Ciudad de México,2,2020,0.0694,6.94,1
9,Ciudad de México,3,2020,0.1083,10.83,1
9,Ciudad de México,4,2020,0.0818,8.18,1
10,Durango,1,2004,0.0741,7.41,0
10,Durango,2,2004,0.05,5,0
10,Durango,3,2004,0.0682,6.82,0
10,Durango,4,2004,0.1212,12.12,0
10,Durango,1,2005,0.0484,4.84,0
10,Durango,2,2005,0.0694,6.94,0
10,Durango,3,2005,0.0758,7.58,0
10,Durango,4,2005,0.0308,3.08,0
10,Durango,1,2006,0.1034,10.34,0
10,Durango,2,2006,0.0789,7.89,0
10,Durango,3,2006,0.0263,2.63,0
10,Durango,4,2006,0.0154,1.54,0
10,Durango,1,2007,0.0556,5.56,0
10,Durango,2,2007,0.0879,8.79,0
10,Durango,3,2007,0.0435,4.35,0
10,Durango,4,2007,0.025,2.5,0
10,Durango,1,2008,0.0306,3.06,0
10,Durango,2,2008,0.0887,8.87,0
10,Durango,3,2008,0.0734,7.34,0
10,Durango,4,2008,0.0606,6.06,0
10,Durango,1,2009,0.0394,3.94,0
10,Durango,2,2009,0.0675,6.75,0
10,Durango,3,2009,0.0592,5.92,0
10,Durango,4,2009,0.0647,6.47,0
10,Durango,1,2010,0.0195,1.95,0
10,Durango,2,2010,0.0432,4.32,0
10,Durango,3,2010,0.0992,9.92,0
10,Durango,4,2010,0.0787,7.87,0
10,Durango,1,2011,0.075,7.5,0
10,Durango,2,2011,0.0725,7.25,0
10,Durango,3,2011,0.05,5,0
10,Durango,4,2011,0.0377,3.77,0
10,Durango,1,2012,0.0513,5.13,0
10,Durango,2,2012,0.0283,2.83,0
10,Durango,3,2012,0.0531,5.31,0
10,Durango,4,2012,0.0444,4.44,0
10,Durango,1,2013,0.0672,6.72,0
10,Durango,2,2013,0.0505,5.05,0
10,Durango,3,2013,0.0893,8.93,0
10,Durango,4,2013,0.0078,0.78,0
10,Durango,1,2014,0.07,7,0
10,Durango,2,2014,0.0928,9.28,0
10,Durango,3,2014,0.1031,10.31,0
10,Durango,4,2014,0.1124,11.24,0
10,Durango,1,2015,0.1013,10.13,0
10,Durango,2,2015,0.1182,11.82,0
10,Durango,3,2015,0.0976,9.76,0
10,Durango,4,2015,0.1264,12.64,0
10,Durango,1,2016,0.1477,14.77,0
10,Durango,2,2016,0.0495,4.95,0
10,Durango,3,2016,0.0818,8.18,0
10,Durango,4,2016,0.0921,9.21,0
10,Durango,1,2017,0.22,22,0
10,Durango,2,2017,0.1364,13.64,0
10,Durango,3,2017,0.0833,8.33,0
10,Durango,4,2017,0.1364,13.64,0
10,Durango,1,2018,0.1892,18.92,0
10,Durango,2,2018,0.1932,19.32,0
10,Durango,3,2018,0.1642,16.42,0
10,Durango,4,2018,0.0988,9.88,0
10,Durango,1,2019,0.0769,7.69,0
10,Durango,2,2019,0.11,11,0
10,Durango,3,2019,0.1644,16.44,0
10,Durango,4,2019,0.1477,14.77,0
10,Durango,1,2020,0.0877,8.77,0
10,Durango,2,2020,0.1573,15.73,0
10,Durango,3,2020,0.141,14.1,0
10,Durango,4,2020,0.1176,11.76,0
11,Guanajuato,1,2004,0.0711,7.11,0
11,Guanajuato,2,2004,0.0766,7.66,0
11,Guanajuato,3,2004,0.0565,5.65,0
11,Guanajuato,4,2004,0.0662,6.62,0
11,Guanajuato,1,2005,0.0797,7.97,0
11,Guanajuato,2,2005,0.1111,11.11,0
11,Guanajuato,3,2005,0.0988,9.88,0
11,Guanajuato,4,2005,0.0752,7.52,0
11,Guanajuato,1,2006,0.0887,8.87,0
11,Guanajuato,2,2006,0.0974,9.74,0
11,Guanajuato,3,2006,0.1066,10.66,0
11,Guanajuato,4,2006,0.0736,7.36,0
11,Guanajuato,1,2007,0.0874,8.74,0
11,Guanajuato,2,2007,0.1056,10.56,0
11,Guanajuato,3,2007,0.0714,7.14,0
11,Guanajuato,4,2007,0.0915,9.15,0
11,Guanajuato,1,2008,0.101,10.1,0
11,Guanajuato,2,2008,0.1638,16.38,0
11,Guanajuato,3,2008,0.0746,7.46,0
11,Guanajuato,4,2008,0.1286,12.86,0
11,Guanajuato,1,2009,0.0764,7.64,0
11,Guanajuato,2,2009,0.122,12.2,0
11,Guanajuato,3,2009,0.081,8.1,0
11,Guanajuato,4,2009,0.0771,7.71,0
11,Guanajuato,1,2010,0.0772,7.72,0
11,Guanajuato,2,2010,0.1118,11.18,0
11,Guanajuato,3,2010,0.1203,12.03,0
11,Guanajuato,4,2010,0.0611,6.11,0
11,Guanajuato,1,2011,0.1284,12.84,0
11,Guanajuato,2,2011,0.1178,11.78,0
11,Guanajuato,3,2011,0.1259,12.59,0
11,Guanajuato,4,2011,0.1186,11.86,0
11,Guanajuato,1,2012,0.1144,11.44,0
11,Guanajuato,2,2012,0.1159,11.59,0
11,Guanajuato,3,2012,0.0954,9.54,0
11,Guanajuato,4,2012,0.1206,12.06,0
11,Guanajuato,1,2013,0.125,12.5,0
11,Guanajuato,2,2013,0.1429,14.29,0
11,Guanajuato,3,2013,0.1279,12.79,0
11,Guanajuato,4,2013,0.0963,9.63,0
11,Guanajuato,1,2014,0.0947,9.47,0
11,Guanajuato,2,2014,0.1429,14.29,0
11,Guanajuato,3,2014,0.1358,13.58,0
11,Guanajuato,4,2014,0.1437,14.37,0
11,Guanajuato,1,2015,0.1536,15.36,0
11,Guanajuato,2,2015,0.1909,19.09,0
11,Guanajuato,3,2015,0.1433,14.33,0
11,Guanajuato,4,2015,0.1253,12.53,0
11,Guanajuato,1,2016,0.1234,12.34,0
11,Guanajuato,2,2016,0.1793,17.93,0
11,Guanajuato,3,2016,0.1019,10.19,0
11,Guanajuato,4,2016,0.1195,11.95,0
11,Guanajuato,1,2017,0.0851,8.51,0
11,Guanajuato,2,2017,0.0927,9.27,0
11,Guanajuato,3,2017,0.0872,8.72,0
11,Guanajuato,4,2017,0.0811,8.11,0
11,Guanajuato,1,2018,0.0769,7.69,0
11,Guanajuato,2,2018,0.0924,9.24,0
11,Guanajuato,3,2018,0.0796,7.96,0
11,Guanajuato,4,2018,0.0602,6.02,0
11,Guanajuato,1,2019,0.0894,8.94,0
11,Guanajuato,2,2019,0.0657,6.57,0
11,Guanajuato,3,2019,0.0756,7.56,0
11,Guanajuato,4,2019,0.0492,4.92,0
11,Guanajuato,1,2020,0.0641,6.41,0
11,Guanajuato,2,2020,0.0802,8.02,0
11,Guanajuato,3,2020,0.0642,6.42,0
11,Guanajuato,4,2020,0.07,7,0
12,Guerrero,1,2004,0.044,4.4,0
12,Guerrero,2,2004,0.0542,5.42,0
12,Guerrero,3,2004,0.0441,4.41,0
12,Guerrero,4,2004,0.0395,3.95,0
12,Guerrero,1,2005,0.0468,4.68,0
12,Guerrero,2,2005,0.0667,6.67,0
12,Guerrero,3,2005,0.046,4.6,0
12,Guerrero,4,2005,0.0526,5.26,0
12,Guerrero,1,2006,0.0516,5.16,0
12,Guerrero,2,2006,0.0284,2.84,0
12,Guerrero,3,2006,0.037,3.7,0
12,Guerrero,4,2006,0.0253,2.53,0
12,Guerrero,1,2007,0.0357,3.57,0
12,Guerrero,2,2007,0.0457,4.57,0
12,Guerrero,3,2007,0.022,2.2,0
12,Guerrero,4,2007,0.0098,0.98,0
12,Guerrero,1,2008,0.0523,5.23,0
12,Guerrero,2,2008,0.0207,2.07,0
12,Guerrero,3,2008,0.033,3.3,0
12,Guerrero,4,2008,0.048,4.8,0
12,Guerrero,1,2009,0.0372,3.72,0
12,Guerrero,2,2009,0.0302,3.02,0
12,Guerrero,3,2009,0.0476,4.76,0
12,Guerrero,4,2009,0.0491,4.91,0
12,Guerrero,1,2010,0.0471,4.71,0
12,Guerrero,2,2010,0.0233,2.33,0
12,Guerrero,3,2010,0.0362,3.62,0
12,Guerrero,4,2010,0.0412,4.12,0
12,Guerrero,1,2011,0.0241,2.41,0
12,Guerrero,2,2011,0.0299,2.99,0
12,Guerrero,3,2011,0.029,2.9,0
12,Guerrero,4,2011,0.0448,4.48,0
12,Guerrero,1,2012,0.0202,2.02,0
12,Guerrero,2,2012,0.0352,3.52,0
12,Guerrero,3,2012,0.0218,2.18,0
12,Guerrero,4,2012,0.025,2.5,0
12,Guerrero,1,2013,0.0307,3.07,0
12,Guerrero,2,2013,0.0341,3.41,0
12,Guerrero,3,2013,0.0398,3.98,0
12,Guerrero,4,2013,0.0404,4.04,0
12,Guerrero,1,2014,0.0221,2.21,0
12,Guerrero,2,2014,0.0402,4.02,0
12,Guerrero,3,2014,0.0344,3.44,0
12,Guerrero,4,2014,0.0317,3.17,0
12,Guerrero,1,2015,0.0407,4.07,0
12,Guerrero,2,2015,0.0338,3.38,0
12,Guerrero,3,2015,0.0121,1.21,0
12,Guerrero,4,2015,0.0063,0.63,0
12,Guerrero,1,2016,0.0423,4.23,0
12,Guerrero,2,2016,0.0495,4.95,0
12,Guerrero,3,2016,0.031,3.1,0
12,Guerrero,4,2016,0.0168,1.68,0
12,Guerrero,1,2017,0.0256,2.56,0
12,Guerrero,2,2017,0.0211,2.11,0
12,Guerrero,3,2017,0.0201,2.01,0
12,Guerrero,4,2017,0.0285,2.85,0
12,Guerrero,1,2018,0.0236,2.36,0
12,Guerrero,2,2018,0.0182,1.82,0
12,Guerrero,3,2018,0.0072,0.72,0
12,Guerrero,4,2018,0.0179,1.79,0
12,Guerrero,1,2019,0.0149,1.49,0
12,Guerrero,2,2019,0.026,2.6,0
12,Guerrero,3,2019,0.0279,2.79,0
12,Guerrero,4,2019,0.05,5,0
12,Guerrero,1,2020,0.022,2.2,0
12,Guerrero,2,2020,0.0119,1.19,0
12,Guerrero,3,2020,0.0287,2.87,0
12,Guerrero,4,2020,0.0244,2.44,0
13,Hidalgo,1,2004,0.0508,5.08,0
13,Hidalgo,2,2004,0.0179,1.79,0
13,Hidalgo,3,2004,0.0492,4.92,0
13,Hidalgo,4,2004,0.0472,4.72,0
13,Hidalgo,1,2005,0.0545,5.45,0
13,Hidalgo,2,2005,0.0667,6.67,0
13,Hidalgo,3,2005,0.0303,3.03,0
13,Hidalgo,4,2005,0.0211,2.11,0
13,Hidalgo,1,2006,0.0381,3.81,0
13,Hidalgo,2,2006,0.041,4.1,0
13,Hidalgo,3,2006,0.0545,5.45,0
13,Hidalgo,4,2006,0.024,2.4,0
13,Hidalgo,1,2007,0.025,2.5,0
13,Hidalgo,2,2007,0.0505,5.05,0
13,Hidalgo,3,2007,0.0263,2.63,0
13,Hidalgo,4,2007,0.008,0.8,0
13,Hidalgo,1,2008,0.0256,2.56,0
13,Hidalgo,2,2008,0.0373,3.73,0
13,Hidalgo,3,2008,0.048,4.8,0
13,Hidalgo,4,2008,0.0647,6.47,0
13,Hidalgo,1,2009,0.0134,1.34,0
13,Hidalgo,2,2009,0.0123,1.23,0
13,Hidalgo,3,2009,0.0417,4.17,0
13,Hidalgo,4,2009,0.0375,3.75,0
13,Hidalgo,1,2010,0.0534,5.34,0
13,Hidalgo,2,2010,0.0543,5.43,0
13,Hidalgo,3,2010,0.0462,4.62,0
13,Hidalgo,4,2010,0.0219,2.19,0
13,Hidalgo,1,2011,0.0977,9.77,0
13,Hidalgo,2,2011,0.0897,8.97,0
13,Hidalgo,3,2011,0.1185,11.85,0
13,Hidalgo,4,2011,0.12,12,0
13,Hidalgo,1,2012,0.1019,10.19,0
13,Hidalgo,2,2012,0.1136,11.36,0
13,Hidalgo,3,2012,0.1311,13.11,0
13,Hidalgo,4,2012,0.0684,6.84,0
13,Hidalgo,1,2013,0.0174,1.74,0
13,Hidalgo,2,2013,0.1148,11.48,0
13,Hidalgo,3,2013,0.0593,5.93,0
13,Hidalgo,4,2013,0.0833,8.33,0
13,Hidalgo,1,2014,0.0645,6.45,0
13,Hidalgo,2,2014,0.064,6.4,0
13,Hidalgo,3,2014,0.1062,10.62,0
13,Hidalgo,4,2014,0.1066,10.66,0
13,Hidalgo,1,2015,0.1308,13.08,0
13,Hidalgo,2,2015,0.0929,9.29,0
13,Hidalgo,3,2015,0.0796,7.96,0
13,Hidalgo,4,2015,0.1288,12.88,0
13,Hidalgo,1,2016,0.0736,7.36,0
13,Hidalgo,2,2016,0.0656,6.56,0
13,Hidalgo,3,2016,0.063,6.3,0
13,Hidalgo,4,2016,0.0985,9.85,0
13,Hidalgo,1,2017,0.0909,9.09,0
13,Hidalgo,2,2017,0.0945,9.45,0
13,Hidalgo,3,2017,0.0676,6.76,0
13,Hidalgo,4,2017,0.0504,5.04,0
13,Hidalgo,1,2018,0.0292,2.92,0
13,Hidalgo,2,2018,0.0744,7.44,0
13,Hidalgo,3,2018,0.0638,6.38,0
13,Hidalgo,4,2018,0.1053,10.53,0
13,Hidalgo,1,2019,0.073,7.3,0
13,Hidalgo,2,2019,0.05,5,0
13,Hidalgo,3,2019,0.0643,6.43,1
13,Hidalgo,4,2019,0.0972,9.72,1
13,Hidalgo,1,2020,0.0696,6.96,1
13,Hidalgo,2,2020,0.0692,6.92,1
13,Hidalgo,3,2020,0.0655,6.55,1
13,Hidalgo,4,2020,0.1026,10.26,1
14,Jalisco,1,2004,0.0932,9.32,0
14,Jalisco,2,2004,0.0927,9.27,0
14,Jalisco,3,2004,0.0621,6.21,0
14,Jalisco,4,2004,0.0764,7.64,0
14,Jalisco,1,2005,0.085,8.5,0
14,Jalisco,2,2005,0.0986,9.86,0
14,Jalisco,3,2005,0.0682,6.82,0
14,Jalisco,4,2005,0.0596,5.96,0
14,Jalisco,1,2006,0.0686,6.86,0
14,Jalisco,2,2006,0.0682,6.82,0
14,Jalisco,3,2006,0.0799,7.99,0
14,Jalisco,4,2006,0.0641,6.41,0
14,Jalisco,1,2007,0.0962,9.62,0
14,Jalisco,2,2007,0.0617,6.17,0
14,Jalisco,3,2007,0.071,7.1,0
14,Jalisco,4,2007,0.0783,7.83,0
14,Jalisco,1,2008,0.0662,6.62,0
14,Jalisco,2,2008,0.0978,9.78,0
14,Jalisco,3,2008,0.069,6.9,0
14,Jalisco,4,2008,0.0557,5.57,0
14,Jalisco,1,2009,0.059,5.9,0
14,Jalisco,2,2009,0.0716,7.16,0
14,Jalisco,3,2009,0.0525,5.25,0
14,Jalisco,4,2009,0.0748,7.48,0
14,Jalisco,1,2010,0.0822,8.22,0
14,Jalisco,2,2010,0.105,10.5,0
14,Jalisco,3,2010,0.0931,9.31,0
14,Jalisco,4,2010,0.0657,6.57,0
14,Jalisco,1,2011,0.0631,6.31,0
14,Jalisco,2,2011,0.0915,9.15,0
14,Jalisco,3,2011,0.0824,8.24,0
14,Jalisco,4,2011,0.0932,9.32,0
14,Jalisco,1,2012,0.1063,10.63,0
14,Jalisco,2,2012,0.097,9.7,0
14,Jalisco,3,2012,0.0911,9.11,0
14,Jalisco,4,2012,0.0894,8.94,0
14,Jalisco,1,2013,0.0832,8.32,0
14,Jalisco,2,2013,0.1325,13.25,0
14,Jalisco,3,2013,0.0852,8.52,0
14,Jalisco,4,2013,0.0698,6.98,0
14,Jalisco,1,2014,0.0591,5.91,0
14,Jalisco,2,2014,0.087,8.7,0
14,Jalisco,3,2014,0.1349,13.49,0
14,Jalisco,4,2014,0.1131,11.31,0
14,Jalisco,1,2015,0.1002,10.02,0
14,Jalisco,2,2015,0.0851,8.51,0
14,Jalisco,3,2015,0.1133,11.33,0
14,Jalisco,4,2015,0.1043,10.43,0
14,Jalisco,1,2016,0.0991,9.91,0
14,Jalisco,2,2016,0.1205,12.05,0
14,Jalisco,3,2016,0.0977,9.77,0
14,Jalisco,4,2016,0.0865,8.65,0
14,Jalisco,1,2017,0.1261,12.61,0
14,Jalisco,2,2017,0.1013,10.13,0
14,Jalisco,3,2017,0.1558,15.58,0
14,Jalisco,4,2017,0.0797,7.97,0
14,Jalisco,1,2018,0.0926,9.26,0
14,Jalisco,2,2018,0.1121,11.21,0
14,Jalisco,3,2018,0.0588,5.88,0
14,Jalisco,4,2018,0.0872,8.72,0
14,Jalisco,1,2019,0.0707,7.07,0
14,Jalisco,2,2019,0.0604,6.04,0
14,Jalisco,3,2019,0.1066,10.66,0
14,Jalisco,4,2019,0.0704,7.04,0
14,Jalisco,1,2020,0.1026,10.26,0
14,Jalisco,2,2020,0.0778,7.78,0
14,Jalisco,3,2020,0.0795,7.95,0
14,Jalisco,4,2020,0.0723,7.23,0
15,Estado de México,1,2004,0.0519,5.19,0
15,Estado de México,2,2004,0.0559,5.59,0
15,Estado de México,3,2004,0.0522,5.22,0
15,Estado de México,4,2004,0.0342,3.42,0
15,Estado de México,1,2005,0.0492,4.92,0
15,Estado de México,2,2005,0.0431,4.31,0
15,Estado de México,3,2005,0.0284,2.84,0
15,Estado de México,4,2005,0.0411,4.11,0
15,Estado de México,1,2006,0.041,4.1,0
15,Estado de México,2,2006,0.0442,4.42,0
15,Estado de México,3,2006,0.0611,6.11,0
15,Estado de México,4,2006,0.0825,8.25,0
15,Estado de México,1,2007,0.041,4.1,0
15,Estado de México,2,2007,0.0442,4.42,0
15,Estado de México,3,2007,0.0611,6.11,0
15,Estado de México,4,2007,0.0825,8.25,0
15,Estado de México,1,2008,0.057,5.7,0
15,Estado de México,2,2008,0.0627,6.27,0
15,Estado de México,3,2008,0.0519,5.19,0
15,Estado de México,4,2008,0.0522,5.22,0
15,Estado de México,1,2009,0.0456,4.56,0
15,Estado de México,2,2009,0.0537,5.37,0
15,Estado de México,3,2009,0.0642,6.42,0
15,Estado de México,4,2009,0.0517,5.17,0
15,Estado de México,1,2010,0.0803,8.03,0
15,Estado de México,2,2010,0.0743,7.43,0
15,Estado de México,3,2010,0.0697,6.97,0
15,Estado de México,4,2010,0.08,8,0
15,Estado de México,1,2011,0.0776,7.76,0
15,Estado de México,2,2011,0.075,7.5,0
15,Estado de México,3,2011,0.0836,8.36,0
15,Estado de México,4,2011,0.084,8.4,0
15,Estado de México,1,2012,0.0849,8.49,0
15,Estado de México,2,2012,0.0794,7.94,0
15,Estado de México,3,2012,0.0661,6.61,0
15,Estado de México,4,2012,0.0768,7.68,0
15,Estado de México,1,2013,0.0808,8.08,0
15,Estado de México,2,2013,0.0896,8.96,0
15,Estado de México,3,2013,0.0714,7.14,0
15,Estado de México,4,2013,0.0678,6.78,0
15,Estado de México,1,2014,0.06,6,0
15,Estado de México,2,2014,0.0954,9.54,0
15,Estado de México,3,2014,0.0842,8.42,0
15,Estado de México,4,2014,0.1006,10.06,0
15,Estado de México,1,2015,0.0878,8.78,0
15,Estado de México,2,2015,0.0957,9.57,0
15,Estado de México,3,2015,0.0815,8.15,0
15,Estado de México,4,2015,0.0879,8.79,0
15,Estado de México,1,2016,0.0551,5.51,0
15,Estado de México,2,2016,0.0775,7.75,0
15,Estado de México,3,2016,0.0953,9.53,0
15,Estado de México,4,2016,0.0659,6.59,0
15,Estado de México,1,2017,0.0611,6.11,0
15,Estado de México,2,2017,0.0881,8.81,0
15,Estado de México,3,2017,0.0599,5.99,0
15,Estado de México,4,2017,0.0743,7.43,0
15,Estado de México,1,2018,0.0702,7.02,0
15,Estado de México,2,2018,0.0617,6.17,0
15,Estado de México,3,2018,0.0713,7.13,0
15,Estado de México,4,2018,0.0781,7.81,0
15,Estado de México,1,2019,0.0941,9.41,0
15,Estado de México,2,2019,0.0903,9.03,0
15,Estado de México,3,2019,0.0924,9.24,0
15,Estado de México,4,2019,0.0893,8.93,0
15,Estado de México,1,2020,0.0916,9.16,0
15,Estado de México,2,2020,0.0757,7.57,0
15,Estado de México,3,2020,0.0931,9.31,0
15,Estado de México,4,2020,0.0989,9.89,0
16,Michoacán,1,2004,0.0478,4.78,0
16,Michoacán,2,2004,0.0808,8.08,0
16,Michoacán,3,2004,0.102,10.2,0
16,Michoacán,4,2004,0.0444,4.44,0
16,Michoacán,1,2005,0.0556,5.56,0
16,Michoacán,2,2005,0.0809,8.09,0
16,Michoacán,3,2005,0.0717,7.17,0
16,Michoacán,4,2005,0.0577,5.77,0
16,Michoacán,1,2006,0.0522,5.22,0
16,Michoacán,2,2006,0.0608,6.08,0
16,Michoacán,3,2006,0.0236,2.36,0
16,Michoacán,4,2006,0.0227,2.27,0
16,Michoacán,1,2007,0.0311,3.11,0
16,Michoacán,2,2007,0.0452,4.52,0
16,Michoacán,3,2007,0.0182,1.82,0
16,Michoacán,4,2007,0.0742,7.42,0
16,Michoacán,1,2008,0.0337,3.37,0
16,Michoacán,2,2008,0.0812,8.12,0
16,Michoacán,3,2008,0.0717,7.17,0
16,Michoacán,4,2008,0.0877,8.77,0
16,Michoacán,1,2009,0.0455,4.55,0
16,Michoacán,2,2009,0.0523,5.23,0
16,Michoacán,3,2009,0.0557,5.57,0
16,Michoacán,4,2009,0.0486,4.86,0
16,Michoacán,1,2010,0.0664,6.64,0
16,Michoacán,2,2010,0.0242,2.42,0
16,Michoacán,3,2010,0.0445,4.45,0
16,Michoacán,4,2010,0.0372,3.72,0
16,Michoacán,1,2011,0.0522,5.22,0
16,Michoacán,2,2011,0.0444,4.44,0
16,Michoacán,3,2011,0.0299,2.99,0
16,Michoacán,4,2011,0.0423,4.23,0
16,Michoacán,1,2012,0.0623,6.23,0
16,Michoacán,2,2012,0.04,4,0
16,Michoacán,3,2012,0.0541,5.41,0
16,Michoacán,4,2012,0.0455,4.55,0
16,Michoacán,1,2013,0.069,6.9,0
16,Michoacán,2,2013,0.0415,4.15,0
16,Michoacán,3,2013,0.0411,4.11,0
16,Michoacán,4,2013,0.0309,3.09,0
16,Michoacán,1,2014,0.0599,5.99,0
16,Michoacán,2,2014,0.0735,7.35,0
16,Michoacán,3,2014,0.0688,6.88,0
16,Michoacán,4,2014,0.0567,5.67,0
16,Michoacán,1,2015,0.0462,4.62,0
16,Michoacán,2,2015,0.0691,6.91,0
16,Michoacán,3,2015,0.0675,6.75,0
16,Michoacán,4,2015,0.0414,4.14,0
16,Michoacán,1,2016,0.0567,5.67,0
16,Michoacán,2,2016,0.0605,6.05,0
16,Michoacán,3,2016,0.0426,4.26,1
16,Michoacán,4,2016,0.0738,7.38,1
16,Michoacán,1,2017,0.0195,1.95,1
16,Michoacán,2,2017,0.0639,6.39,1
16,Michoacán,3,2017,0.0526,5.26,1
16,Michoacán,4,2017,0.053,5.3,1
16,Michoacán,1,2018,0.0579,5.79,1
16,Michoacán,2,2018,0.0631,6.31,1
16,Michoacán,3,2018,0.0547,5.47,1
16,Michoacán,4,2018,0.0403,4.03,1
16,Michoacán,1,2019,0.0683,6.83,1
16,Michoacán,2,2019,0.0868,8.68,1
16,Michoacán,3,2019,0.0767,7.67,1
16,Michoacán,4,2019,0.0588,5.88,1
16,Michoacán,1,2020,0.0808,8.08,1
16,Michoacán,2,2020,0.0828,8.28,1
16,Michoacán,3,2020,0.0765,7.65,1
16,Michoacán,4,2020,0.0844,8.44,1
17,Morelos,1,2004,0.0128,1.28,0
17,Morelos,2,2004,0.0488,4.88,0
17,Morelos,3,2004,0.0882,8.82,0
17,Morelos,4,2004,0.0548,5.48,0
17,Morelos,1,2005,0.0411,4.11,0
17,Morelos,2,2005,0.0122,1.22,0
17,Morelos,3,2005,0.1,10,0
17,Morelos,4,2005,0.0449,4.49,0
17,Morelos,1,2006,0.0641,6.41,0
17,Morelos,2,2006,0.0556,5.56,0
17,Morelos,3,2006,0.039,3.9,0
17,Morelos,4,2006,0.0278,2.78,0
17,Morelos,1,2007,0.0417,4.17,0
17,Morelos,2,2007,0.0568,5.68,0
17,Morelos,3,2007,0.0725,7.25,0
17,Morelos,4,2007,0.026,2.6,0
17,Morelos,1,2008,0.0928,9.28,0
17,Morelos,2,2008,0.0792,7.92,0
17,Morelos,3,2008,0.0482,4.82,0
17,Morelos,4,2008,0.0652,6.52,0
17,Morelos,1,2009,0.0704,7.04,0
17,Morelos,2,2009,0.0449,4.49,0
17,Morelos,3,2009,0.0217,2.17,0
17,Morelos,4,2009,0.0928,9.28,0
17,Morelos,1,2010,0.04,4,0
17,Morelos,2,2010,0.0686,6.86,0
17,Morelos,3,2010,0.0231,2.31,0
17,Morelos,4,2010,0.05,5,0
17,Morelos,1,2011,0.0341,3.41,0
17,Morelos,2,2011,0.0465,4.65,0
17,Morelos,3,2011,0.0421,4.21,0
17,Morelos,4,2011,0.0952,9.52,0
17,Morelos,1,2012,0.0593,5.93,0
17,Morelos,2,2012,0.0635,6.35,0
17,Morelos,3,2012,0.0327,3.27,0
17,Morelos,4,2012,0.0488,4.88,0
17,Morelos,1,2013,0.0394,3.94,0
17,Morelos,2,2013,0.0714,7.14,0
17,Morelos,3,2013,0.0317,3.17,0
17,Morelos,4,2013,0.0288,2.88,0
17,Morelos,1,2014,0.0286,2.86,0
17,Morelos,2,2014,0.093,9.3,0
17,Morelos,3,2014,0.0612,6.12,0
17,Morelos,4,2014,0.0283,2.83,0
17,Morelos,1,2015,0.0222,2.22,0
17,Morelos,2,2015,0.0541,5.41,0
17,Morelos,3,2015,0.0309,3.09,0
17,Morelos,4,2015,0.045,4.5,0
17,Morelos,1,2016,0.0702,7.02,0
17,Morelos,2,2016,0.1414,14.14,0
17,Morelos,3,2016,0.0833,8.33,0
17,Morelos,4,2016,0.0431,4.31,1
17,Morelos,1,2017,0.0441,4.41,1
17,Morelos,2,2017,0.0413,4.13,1
17,Morelos,3,2017,0.032,3.2,1
17,Morelos,4,2017,0.0531,5.31,1
17,Morelos,1,2018,0.041,4.1,1
17,Morelos,2,2018,0.0787,7.87,1
17,Morelos,3,2018,0.0486,4.86,1
17,Morelos,4,2018,0.0486,4.86,1
17,Morelos,1,2019,0.026,2.6,1
17,Morelos,2,2019,0.0714,7.14,1
17,Morelos,3,2019,0.0563,5.63,1
17,Morelos,4,2019,0.0897,8.97,1
17,Morelos,1,2020,0.068,6.8,1
17,Morelos,2,2020,0.0575,5.75,1
17,Morelos,3,2020,0.0612,6.12,1
17,Morelos,4,2020,0.0663,6.63,1
18,Nayarit,1,2004,0.0652,6.52,0
18,Nayarit,2,2004,0.0408,4.08,0
18,Nayarit,3,2004,0.1111,11.11,0
18,Nayarit,4,2004,0.0597,5.97,0
18,Nayarit,1,2005,0.098,9.8,0
18,Nayarit,2,2005,0.0179,1.79,0
18,Nayarit,3,2005,0.0308,3.08,0
18,Nayarit,4,2005,0.102,10.2,0
18,Nayarit,1,2006,0.1739,17.39,0
18,Nayarit,2,2006,0.0455,4.55,0
18,Nayarit,3,2006,0.0159,1.59,0
18,Nayarit,4,2006,0.0167,1.67,0
18,Nayarit,1,2007,0.0833,8.33,0
18,Nayarit,2,2007,0.0417,4.17,0
18,Nayarit,3,2007,0.0185,1.85,0
18,Nayarit,4,2007,0.0469,4.69,0
18,Nayarit,1,2008,0.0137,1.37,0
18,Nayarit,2,2008,0.0769,7.69,0
18,Nayarit,3,2008,0.0862,8.62,0
18,Nayarit,4,2008,0.1071,10.71,0
18,Nayarit,1,2009,0.058,5.8,0
18,Nayarit,2,2009,0.0833,8.33,0
18,Nayarit,3,2009,0.0571,5.71,0
18,Nayarit,4,2009,0.029,2.9,0
18,Nayarit,1,2010,0.0595,5.95,0
18,Nayarit,2,2010,0.0316,3.16,0
18,Nayarit,3,2010,0.0471,4.71,0
18,Nayarit,4,2010,0.0337,3.37,0
18,Nayarit,1,2011,0.0481,4.81,0
18,Nayarit,2,2011,0.0424,4.24,0
18,Nayarit,3,2011,0.0217,2.17,0
18,Nayarit,4,2011,0.0127,1.27,0
18,Nayarit,1,2012,0.038,3.8,0
18,Nayarit,2,2012,0.0133,1.33,0
18,Nayarit,3,2012,0.1385,13.85,0
18,Nayarit,4,2012,0.0909,9.09,0
18,Nayarit,1,2013,0.0182,1.82,0
18,Nayarit,2,2013,0.0943,9.43,0
18,Nayarit,3,2013,0.1406,14.06,0
18,Nayarit,4,2013,0.0746,7.46,0
18,Nayarit,1,2014,0.1311,13.11,0
18,Nayarit,2,2014,0.1017,10.17,0
18,Nayarit,3,2014,0.1,10,0
18,Nayarit,4,2014,0.125,12.5,0
18,Nayarit,1,2015,0.1923,19.23,0
18,Nayarit,2,2015,0.15,15,0
18,Nayarit,3,2015,0.069,6.9,0
18,Nayarit,4,2015,0.1132,11.32,0
18,Nayarit,1,2016,0.0339,3.39,1
18,Nayarit,2,2016,0.0702,7.02,1
18,Nayarit,3,2016,0.0682,6.82,1
18,Nayarit,4,2016,0.0725,7.25,1
18,Nayarit,1,2017,0.0635,6.35,1
18,Nayarit,2,2017,0.1791,17.91,1
18,Nayarit,3,2017,0.1176,11.76,1
18,Nayarit,4,2017,0.0222,2.22,1
18,Nayarit,1,2018,0.075,7.5,1
18,Nayarit,2,2018,0.0789,7.89,1
18,Nayarit,3,2018,0.0476,4.76,1
18,Nayarit,4,2018,0.0164,1.64,1
18,Nayarit,1,2019,0.16,16,1
18,Nayarit,2,2019,0.12,12,1
18,Nayarit,3,2019,0.0845,8.45,1
18,Nayarit,4,2019,0.0893,8.93,1
18,Nayarit,1,2020,0.1034,10.34,1
18,Nayarit,2,2020,0.0588,5.88,1
18,Nayarit,3,2020,0.0896,8.96,1
18,Nayarit,4,2020,0.0562,5.62,1
19,Nuevo León,1,2004,0.1014,10.14,0
19,Nuevo León,2,2004,0.1348,13.48,0
19,Nuevo León,3,2004,0.1748,17.48,0
19,Nuevo León,4,2004,0.0606,6.06,0
19,Nuevo León,1,2005,0.0863,8.63,0
19,Nuevo León,2,2005,0.1724,17.24,0
19,Nuevo León,3,2005,0.1421,14.21,0
19,Nuevo León,4,2005,0.0577,5.77,0
19,Nuevo León,1,2006,0.128,12.8,0
19,Nuevo León,2,2006,0.1316,13.16,0
19,Nuevo León,3,2006,0.1818,18.18,0
19,Nuevo León,4,2006,0.0909,9.09,0
19,Nuevo León,1,2007,0.0647,6.47,0
19,Nuevo León,2,2007,0.1111,11.11,0
19,Nuevo León,3,2007,0.1375,13.75,0
19,Nuevo León,4,2007,0.0798,7.98,0
19,Nuevo León,1,2008,0.0848,8.48,0
19,Nuevo León,2,2008,0.1524,15.24,0
19,Nuevo León,3,2008,0.1401,14.01,0
19,Nuevo León,4,2008,0.0963,9.63,0
19,Nuevo León,1,2009,0.1437,14.37,0
19,Nuevo León,2,2009,0.1438,14.38,0
19,Nuevo León,3,2009,0.0842,8.42,0
19,Nuevo León,4,2009,0.0948,9.48,0
19,Nuevo León,1,2010,0.0853,8.53,0
19,Nuevo León,2,2010,0.0691,6.91,0
19,Nuevo León,3,2010,0.1036,10.36,0
19,Nuevo León,4,2010,0.0841,8.41,0
19,Nuevo León,1,2011,0.04,4,0
19,Nuevo León,2,2011,0.0326,3.26,0
19,Nuevo León,3,2011,0.0395,3.95,0
19,Nuevo León,4,2011,0.0516,5.16,0
19,Nuevo León,1,2012,0.0453,4.53,0
19,Nuevo León,2,2012,0.0569,5.69,0
19,Nuevo León,3,2012,0.0632,6.32,0
19,Nuevo León,4,2012,0.0502,5.02,0
19,Nuevo León,1,2013,0.0487,4.87,0
19,Nuevo León,2,2013,0.0738,7.38,0
19,Nuevo León,3,2013,0.061,6.1,0
19,Nuevo León,4,2013,0.1106,11.06,0
19,Nuevo León,1,2014,0.0947,9.47,0
19,Nuevo León,2,2014,0.1164,11.64,0
19,Nuevo León,3,2014,0.1022,10.22,0
19,Nuevo León,4,2014,0.0938,9.38,0
19,Nuevo León,1,2015,0.1073,10.73,0
19,Nuevo León,2,2015,0.0876,8.76,0
19,Nuevo León,3,2015,0.101,10.1,0
19,Nuevo León,4,2015,0.1064,10.64,0
19,Nuevo León,1,2016,0.108,10.8,0
19,Nuevo León,2,2016,0.1495,14.95,0
19,Nuevo León,3,2016,0.1299,12.99,0
19,Nuevo León,4,2016,0.1572,15.72,0
19,Nuevo León,1,2017,0.139,13.9,0
19,Nuevo León,2,2017,0.1168,11.68,0
19,Nuevo León,3,2017,0.1225,12.25,0
19,Nuevo León,4,2017,0.1016,10.16,0
19,Nuevo León,1,2018,0.1371,13.71,0
19,Nuevo León,2,2018,0.1183,11.83,0
19,Nuevo León,3,2018,0.1161,11.61,0
19,Nuevo León,4,2018,0.0755,7.55,0
19,Nuevo León,1,2019,0.0625,6.25,0
19,Nuevo León,2,2019,0.1302,13.02,0
19,Nuevo León,3,2019,0.115,11.5,0
19,Nuevo León,4,2019,0.0802,8.02,0
19,Nuevo León,1,2020,0.088,8.8,0
19,Nuevo León,2,2020,0.0777,7.77,0
19,Nuevo León,3,2020,0.0821,8.21,0
19,Nuevo León,4,2020,0.1106,11.06,0
20,Oaxaca,1,2004,0.049,4.9,0
20,Oaxaca,2,2004,0.0622,6.22,0
20,Oaxaca,3,2004,0.039,3.9,0
20,Oaxaca,4,2004,0.0636,6.36,0
20,Oaxaca,1,2005,0.0773,7.73,0
20,Oaxaca,2,2005,0.0385,3.85,0
20,Oaxaca,3,2005,0.0652,6.52,0
20,Oaxaca,4,2005,0.0594,5.94,0
20,Oaxaca,1,2006,0.0493,4.93,0
20,Oaxaca,2,2006,0.0878,8.78,0
20,Oaxaca,3,2006,0.066,6.6,0
20,Oaxaca,4,2006,0.0558,5.58,0
20,Oaxaca,1,2007,0.0407,4.07,0
20,Oaxaca,2,2007,0.0524,5.24,0
20,Oaxaca,3,2007,0.0491,4.91,0
20,Oaxaca,4,2007,0.0616,6.16,0
20,Oaxaca,1,2008,0.0553,5.53,0
20,Oaxaca,2,2008,0.0633,6.33,0
20,Oaxaca,3,2008,0.0874,8.74,0
20,Oaxaca,4,2008,0.0543,5.43,0
20,Oaxaca,1,2009,0.0346,3.46,0
20,Oaxaca,2,2009,0.0498,4.98,0
20,Oaxaca,3,2009,0.0481,4.81,0
20,Oaxaca,4,2009,0.0495,4.95,0
20,Oaxaca,1,2010,0.0612,6.12,0
20,Oaxaca,2,2010,0.0861,8.61,0
20,Oaxaca,3,2010,0.0586,5.86,0
20,Oaxaca,4,2010,0.0426,4.26,0
20,Oaxaca,1,2011,0.0432,4.32,0
20,Oaxaca,2,2011,0.0583,5.83,0
20,Oaxaca,3,2011,0.0791,7.91,0
20,Oaxaca,4,2011,0.0583,5.83,0
20,Oaxaca,1,2012,0.0575,5.75,0
20,Oaxaca,2,2012,0.0462,4.62,0
20,Oaxaca,3,2012,0.0441,4.41,0
20,Oaxaca,4,2012,0.0676,6.76,0
20,Oaxaca,1,2013,0.0492,4.92,0
20,Oaxaca,2,2013,0.0388,3.88,0
20,Oaxaca,3,2013,0.0542,5.42,0
20,Oaxaca,4,2013,0.065,6.5,0
20,Oaxaca,1,2014,0.0503,5.03,0
20,Oaxaca,2,2014,0.0729,7.29,0
20,Oaxaca,3,2014,0.0718,7.18,0
20,Oaxaca,4,2014,0.03,3,0
20,Oaxaca,1,2015,0.0634,6.34,0
20,Oaxaca,2,2015,0.0522,5.22,0
20,Oaxaca,3,2015,0.078,7.8,0
20,Oaxaca,4,2015,0.0748,7.48,0
20,Oaxaca,1,2016,0.0556,5.56,0
20,Oaxaca,2,2016,0.0508,5.08,0
20,Oaxaca,3,2016,0.0526,5.26,0
20,Oaxaca,4,2016,0.0485,4.85,0
20,Oaxaca,1,2017,0.0331,3.31,0
20,Oaxaca,2,2017,0.0422,4.22,0
20,Oaxaca,3,2017,0.0392,3.92,0
20,Oaxaca,4,2017,0.0882,8.82,0
20,Oaxaca,1,2018,0.0437,4.37,0
20,Oaxaca,2,2018,0.0884,8.84,0
20,Oaxaca,3,2018,0.0704,7.04,0
20,Oaxaca,4,2018,0.035,3.5,0
20,Oaxaca,1,2019,0.0714,7.14,0
20,Oaxaca,2,2019,0.0833,8.33,0
20,Oaxaca,3,2019,0.0985,9.85,0
20,Oaxaca,4,2019,0.06,6,0
20,Oaxaca,1,2020,0.0788,7.88,1
20,Oaxaca,2,2020,0.095,9.5,1
20,Oaxaca,3,2020,0.0766,7.66,1
20,Oaxaca,4,2020,0.099,9.9,1
21,Puebla,1,2004,0.0686,6.86,0
21,Puebla,2,2004,0.0846,8.46,0
21,Puebla,3,2004,0.0637,6.37,0
21,Puebla,4,2004,0.04,4,0
21,Puebla,1,2005,0.0644,6.44,0
21,Puebla,2,2005,0.0643,6.43,0
21,Puebla,3,2005,0.0688,6.88,0
21,Puebla,4,2005,0.0795,7.95,0
21,Puebla,1,2006,0.0571,5.71,0
21,Puebla,2,2006,0.0996,9.96,0
21,Puebla,3,2006,0.0564,5.64,0
21,Puebla,4,2006,0.0729,7.29,0
21,Puebla,1,2007,0.0764,7.64,0
21,Puebla,2,2007,0.0669,6.69,0
21,Puebla,3,2007,0.052,5.2,0
21,Puebla,4,2007,0.0415,4.15,0
21,Puebla,1,2008,0.063,6.3,0
21,Puebla,2,2008,0.0621,6.21,0
21,Puebla,3,2008,0.0682,6.82,0
21,Puebla,4,2008,0.0659,6.59,0
21,Puebla,1,2009,0.0482,4.82,0
21,Puebla,2,2009,0.0526,5.26,0
21,Puebla,3,2009,0.0739,7.39,0
21,Puebla,4,2009,0.0656,6.56,0
21,Puebla,1,2010,0.0822,8.22,0
21,Puebla,2,2010,0.0845,8.45,0
21,Puebla,3,2010,0.0502,5.02,0
21,Puebla,4,2010,0.0561,5.61,0
21,Puebla,1,2011,0.0892,8.92,0
21,Puebla,2,2011,0.0997,9.97,0
21,Puebla,3,2011,0.0808,8.08,0
21,Puebla,4,2011,0.1224,12.24,0
21,Puebla,1,2012,0.0467,4.67,0
21,Puebla,2,2012,0.082,8.2,0
21,Puebla,3,2012,0.0808,8.08,0
21,Puebla,4,2012,0.0938,9.38,0
21,Puebla,1,2013,0.051,5.1,0
21,Puebla,2,2013,0.0839,8.39,0
21,Puebla,3,2013,0.0833,8.33,0
21,Puebla,4,2013,0.0557,5.57,0
21,Puebla,1,2014,0.0507,5.07,0
21,Puebla,2,2014,0.0849,8.49,0
21,Puebla,3,2014,0.0596,5.96,0
21,Puebla,4,2014,0.1281,12.81,0
21,Puebla,1,2015,0.1044,10.44,0
21,Puebla,2,2015,0.1049,10.49,0
21,Puebla,3,2015,0.09,9,0
21,Puebla,4,2015,0.0859,8.59,0
21,Puebla,1,2016,0.0735,7.35,0
21,Puebla,2,2016,0.1104,11.04,0
21,Puebla,3,2016,0.0673,6.73,0
21,Puebla,4,2016,0.0552,5.52,0
21,Puebla,1,2017,0.1039,10.39,0
21,Puebla,2,2017,0.0923,9.23,0
21,Puebla,3,2017,0.0778,7.78,0
21,Puebla,4,2017,0.0957,9.57,0
21,Puebla,1,2018,0.0871,8.71,0
21,Puebla,2,2018,0.1284,12.84,0
21,Puebla,3,2018,0.094,9.4,0
21,Puebla,4,2018,0.1016,10.16,0
21,Puebla,1,2019,0.0849,8.49,0
21,Puebla,2,2019,0.1192,11.92,0
21,Puebla,3,2019,0.0743,7.43,0
21,Puebla,4,2019,0.1175,11.75,0
21,Puebla,1,2020,0.0952,9.52,0
21,Puebla,2,2020,0.1054,10.54,0
21,Puebla,3,2020,0.0827,8.27,0
21,Puebla,4,2020,0.0875,8.75,0
22,Querétaro,1,2004,0.092,9.2,0
22,Querétaro,2,2004,0.087,8.7,0
22,Querétaro,3,2004,0.08,8,0
22,Querétaro,4,2004,0.1165,11.65,0
22,Querétaro,1,2005,0.0488,4.88,0
22,Querétaro,2,2005,0.0814,8.14,0
22,Querétaro,3,2005,0.1081,10.81,0
22,Querétaro,4,2005,0.0449,4.49,0
22,Querétaro,1,2006,0.0667,6.67,0
22,Querétaro,2,2006,0.1,10,0
22,Querétaro,3,2006,0.0686,6.86,0
22,Querétaro,4,2006,0.0562,5.62,0
22,Querétaro,1,2007,0.102,10.2,0
22,Querétaro,2,2007,0.1286,12.86,0
22,Querétaro,3,2007,0.0341,3.41,0
22,Querétaro,4,2007,0.086,8.6,0
22,Querétaro,1,2008,0.0851,8.51,0
22,Querétaro,2,2008,0.0814,8.14,0
22,Querétaro,3,2008,0.0345,3.45,0
22,Querétaro,4,2008,0.0455,4.55,0
22,Querétaro,1,2009,0.1111,11.11,0
22,Querétaro,2,2009,0.0707,7.07,0
22,Querétaro,3,2009,0.0625,6.25,0
22,Querétaro,4,2009,0.0763,7.63,0
22,Querétaro,1,2010,0.1111,11.11,0
22,Querétaro,2,2010,0.0707,7.07,0
22,Querétaro,3,2010,0.0625,6.25,0
22,Querétaro,4,2010,0.0763,7.63,0
22,Querétaro,1,2011,0.0952,9.52,0
22,Querétaro,2,2011,0.06,6,0
22,Querétaro,3,2011,0.1264,12.64,0
22,Querétaro,4,2011,0.156,15.6,0
22,Querétaro,1,2012,0.1333,13.33,0
22,Querétaro,2,2012,0.1261,12.61,0
22,Querétaro,3,2012,0.1158,11.58,0
22,Querétaro,4,2012,0.12,12,0
22,Querétaro,1,2013,0.0978,9.78,0
22,Querétaro,2,2013,0.1359,13.59,0
22,Querétaro,3,2013,0.1149,11.49,0
22,Querétaro,4,2013,0.1512,15.12,0
22,Querétaro,1,2014,0.0392,3.92,0
22,Querétaro,2,2014,0.0471,4.71,0
22,Querétaro,3,2014,0.069,6.9,0
22,Querétaro,4,2014,0.0865,8.65,0
22,Querétaro,1,2015,0.1068,10.68,0
22,Querétaro,2,2015,0.134,13.4,0
22,Querétaro,3,2015,0.1165,11.65,0
22,Querétaro,4,2015,0.1058,10.58,0
22,Querétaro,1,2016,0.0526,5.26,0
22,Querétaro,2,2016,0.1386,13.86,0
22,Querétaro,3,2016,0.0943,9.43,0
22,Querétaro,4,2016,0.0541,5.41,0
22,Querétaro,1,2017,0.119,11.9,0
22,Querétaro,2,2017,0.0796,7.96,0
22,Querétaro,3,2017,0.1136,11.36,0
22,Querétaro,4,2017,0.1341,13.41,0
22,Querétaro,1,2018,0.1023,10.23,0
22,Querétaro,2,2018,0.1339,13.39,0
22,Querétaro,3,2018,0.125,12.5,0
22,Querétaro,4,2018,0.1624,16.24,0
22,Querétaro,1,2019,0.0891,8.91,0
22,Querétaro,2,2019,0.0678,6.78,0
22,Querétaro,3,2019,0.2157,21.57,0
22,Querétaro,4,2019,0.1078,10.78,0
22,Querétaro,1,2020,0.1481,14.81,0
22,Querétaro,2,2020,0.1047,10.47,0
22,Querétaro,3,2020,0.1379,13.79,0
22,Querétaro,4,2020,0.1557,15.57,0
23,Quintana Roo,1,2004,0.1429,14.29,0
23,Quintana Roo,2,2004,0.0536,5.36,0
23,Quintana Roo,3,2004,0.0484,4.84,0
23,Quintana Roo,4,2004,0.1333,13.33,0
23,Quintana Roo,1,2005,0.0417,4.17,0
23,Quintana Roo,2,2005,0.0556,5.56,0
23,Quintana Roo,3,2005,0.087,8.7,0
23,Quintana Roo,4,2005,0.0946,9.46,0
23,Quintana Roo,1,2006,0.3333,33.33,0
23,Quintana Roo,2,2006,0.1094,10.94,0
23,Quintana Roo,3,2006,0.2254,22.54,0
23,Quintana Roo,4,2006,0.1364,13.64,0
23,Quintana Roo,1,2007,0.2,20,0
23,Quintana Roo,2,2007,0.2195,21.95,0
23,Quintana Roo,3,2007,0.2626,26.26,0
23,Quintana Roo,4,2007,0.2254,22.54,0
23,Quintana Roo,1,2008,0.127,12.7,0
23,Quintana Roo,2,2008,0.2466,24.66,0
23,Quintana Roo,3,2008,0.1647,16.47,0
23,Quintana Roo,4,2008,0.1268,12.68,0
23,Quintana Roo,1,2009,0.15,15,0
23,Quintana Roo,2,2009,0.1071,10.71,0
23,Quintana Roo,3,2009,0.1556,15.56,0
23,Quintana Roo,4,2009,0.1552,15.52,0
23,Quintana Roo,1,2010,0.1818,18.18,0
23,Quintana Roo,2,2010,0.122,12.2,0
23,Quintana Roo,3,2010,0.0602,6.02,0
23,Quintana Roo,4,2010,0.0833,8.33,0
23,Quintana Roo,1,2011,0.0909,9.09,0
23,Quintana Roo,2,2011,0.2069,20.69,0
23,Quintana Roo,3,2011,0.1719,17.19,0
23,Quintana Roo,4,2011,0.2097,20.97,0
23,Quintana Roo,1,2012,0.1176,11.76,0
23,Quintana Roo,2,2012,0.1744,17.44,0
23,Quintana Roo,3,2012,0.1594,15.94,1
23,Quintana Roo,4,2012,0.1184,11.84,1
23,Quintana Roo,1,2013,0.2113,21.13,1
23,Quintana Roo,2,2013,0.1084,10.84,1
23,Quintana Roo,3,2013,0.197,19.7,1
23,Quintana Roo,4,2013,0.1077,10.77,1
23,Quintana Roo,1,2014,0.15,15,1
23,Quintana Roo,2,2014,0.1045,10.45,1
23,Quintana Roo,3,2014,0.1549,15.49,1
23,Quintana Roo,4,2014,0.1538,15.38,1
23,Quintana Roo,1,2015,0.1806,18.06,1
23,Quintana Roo,2,2015,0.1039,10.39,1
23,Quintana Roo,3,2015,0.0723,7.23,1
23,Quintana Roo,4,2015,0.1319,13.19,1
23,Quintana Roo,1,2016,0.1154,11.54,1
23,Quintana Roo,2,2016,0.0759,7.59,1
23,Quintana Roo,3,2016,0.1348,13.48,1
23,Quintana Roo,4,2016,0.1412,14.12,1
23,Quintana Roo,1,2017,0.1127,11.27,1
23,Quintana Roo,2,2017,0.1341,13.41,1
23,Quintana Roo,3,2017,0.0865,8.65,1
23,Quintana Roo,4,2017,0.0787,7.87,1
23,Quintana Roo,1,2018,0.0377,3.77,1
23,Quintana Roo,2,2018,0.058,5.8,1
23,Quintana Roo,3,2018,0.0714,7.14,1
23,Quintana Roo,4,2018,0.1092,10.92,1
23,Quintana Roo,1,2019,0.0508,5.08,1
23,Quintana Roo,2,2019,0.0667,6.67,1
23,Quintana Roo,3,2019,0.0517,5.17,1
23,Quintana Roo,4,2019,0.0569,5.69,1
23,Quintana Roo,1,2020,0.0979,9.79,1
23,Quintana Roo,2,2020,0.101,10.1,1
23,Quintana Roo,3,2020,0.0985,9.85,1
23,Quintana Roo,4,2020,0.1327,13.27,1
24,San Luis Potosí,1,2004,0.0928,9.28,0
24,San Luis Potosí,2,2004,0.1165,11.65,0
24,San Luis Potosí,3,2004,0.121,12.1,0
24,San Luis Potosí,4,2004,0.0804,8.04,0
24,San Luis Potosí,1,2005,0.0992,9.92,0
24,San Luis Potosí,2,2005,0.041,4.1,0
24,San Luis Potosí,3,2005,0.1441,14.41,0
24,San Luis Potosí,4,2005,0.0948,9.48,0
24,San Luis Potosí,1,2006,0.1188,11.88,0
24,San Luis Potosí,2,2006,0.0667,6.67,0
24,San Luis Potosí,3,2006,0.1008,10.08,0
24,San Luis Potosí,4,2006,0.1328,13.28,0
24,San Luis Potosí,1,2007,0.0924,9.24,0
24,San Luis Potosí,2,2007,0.1064,10.64,0
24,San Luis Potosí,3,2007,0.084,8.4,0
24,San Luis Potosí,4,2007,0.1066,10.66,0
24,San Luis Potosí,1,2008,0.0977,9.77,0
24,San Luis Potosí,2,2008,0.1545,15.45,0
24,San Luis Potosí,3,2008,0.0877,8.77,0
24,San Luis Potosí,4,2008,0.1103,11.03,0
24,San Luis Potosí,1,2009,0.0929,9.29,0
24,San Luis Potosí,2,2009,0.15,15,0
24,San Luis Potosí,3,2009,0.1,10,0
24,San Luis Potosí,4,2009,0.1135,11.35,0
24,San Luis Potosí,1,2010,0.0833,8.33,0
24,San Luis Potosí,2,2010,0.1235,12.35,0
24,San Luis Potosí,3,2010,0.1042,10.42,0
24,San Luis Potosí,4,2010,0.1206,12.06,0
24,San Luis Potosí,1,2011,0.0987,9.87,0
24,San Luis Potosí,2,2011,0.1397,13.97,0
24,San Luis Potosí,3,2011,0.124,12.4,0
24,San Luis Potosí,4,2011,0.1418,14.18,0
24,San Luis Potosí,1,2012,0.0841,8.41,0
24,San Luis Potosí,2,2012,0.096,9.6,0
24,San Luis Potosí,3,2012,0.1566,15.66,0
24,San Luis Potosí,4,2012,0.0824,8.24,0
24,San Luis Potosí,1,2013,0.0705,7.05,0
24,San Luis Potosí,2,2013,0.1039,10.39,0
24,San Luis Potosí,3,2013,0.1103,11.03,0
24,San Luis Potosí,4,2013,0.0769,7.69,0
24,San Luis Potosí,1,2014,0.1538,15.38,0
24,San Luis Potosí,2,2014,0.1258,12.58,0
24,San Luis Potosí,3,2014,0.1029,10.29,0
24,San Luis Potosí,4,2014,0.1304,13.04,0
24,San Luis Potosí,1,2015,0.1704,17.04,0
24,San Luis Potosí,2,2015,0.0791,7.91,0
24,San Luis Potosí,3,2015,0.0763,7.63,0
24,San Luis Potosí,4,2015,0.1149,11.49,0
24,San Luis Potosí,1,2016,0.1259,12.59,0
24,San Luis Potosí,2,2016,0.0625,6.25,0
24,San Luis Potosí,3,2016,0.1069,10.69,0
24,San Luis Potosí,4,2016,0.0947,9.47,0
24,San Luis Potosí,1,2017,0.0778,7.78,0
24,San Luis Potosí,2,2017,0.1176,11.76,0
24,San Luis Potosí,3,2017,0.1138,11.38,0
24,San Luis Potosí,4,2017,0.0929,9.29,0
24,San Luis Potosí,1,2018,0.125,12.5,0
24,San Luis Potosí,2,2018,0.1364,13.64,0
24,San Luis Potosí,3,2018,0.1099,10.99,0
24,San Luis Potosí,4,2018,0.1467,14.67,0
24,San Luis Potosí,1,2019,0.1754,17.54,0
24,San Luis Potosí,2,2019,0.1942,19.42,0
24,San Luis Potosí,3,2019,0.1341,13.41,1
24,San Luis Potosí,4,2019,0.1429,14.29,1
24,San Luis Potosí,1,2020,0.1716,17.16,1
24,San Luis Potosí,2,2020,0.1061,10.61,1
24,San Luis Potosí,3,2020,0.0718,7.18,1
24,San Luis Potosí,4,2020,0.107,10.7,1
25,Sinaloa,1,2004,0.0382,3.82,0
25,Sinaloa,2,2004,0.0317,3.17,0
25,Sinaloa,3,2004,0.0588,5.88,0
25,Sinaloa,4,2004,0.0565,5.65,0
25,Sinaloa,1,2005,0.0292,2.92,0
25,Sinaloa,2,2005,0.0684,6.84,0
25,Sinaloa,3,2005,0.0282,2.82,0
25,Sinaloa,4,2005,0.0556,5.56,0
25,Sinaloa,1,2006,0.0282,2.82,0
25,Sinaloa,2,2006,0.0347,3.47,0
25,Sinaloa,3,2006,0.0155,1.55,0
25,Sinaloa,4,2006,0.0382,3.82,0
25,Sinaloa,1,2007,0.0382,3.82,0
25,Sinaloa,2,2007,0.0486,4.86,0
25,Sinaloa,3,2007,0.0403,4.03,0
25,Sinaloa,4,2007,0.0217,2.17,0
25,Sinaloa,1,2008,0.0435,4.35,0
25,Sinaloa,2,2008,0.0538,5.38,0
25,Sinaloa,3,2008,0.0321,3.21,0
25,Sinaloa,4,2008,0.0302,3.02,0
25,Sinaloa,1,2009,0.0105,1.05,0
25,Sinaloa,2,2009,0.0112,1.12,0
25,Sinaloa,3,2009,0.0408,4.08,0
25,Sinaloa,4,2009,0.023,2.3,0
25,Sinaloa,1,2010,0.0171,1.71,0
25,Sinaloa,2,2010,0.0142,1.42,0
25,Sinaloa,3,2010,0.0554,5.54,0
25,Sinaloa,4,2010,0.0271,2.71,0
25,Sinaloa,1,2011,0.0455,4.55,0
25,Sinaloa,2,2011,0.0212,2.12,0
25,Sinaloa,3,2011,0.0385,3.85,0
25,Sinaloa,4,2011,0.0269,2.69,0
25,Sinaloa,1,2012,0.0202,2.02,0
25,Sinaloa,2,2012,0.0283,2.83,0
25,Sinaloa,3,2012,0.0143,1.43,0
25,Sinaloa,4,2012,0.0459,4.59,0
25,Sinaloa,1,2013,0.051,5.1,0
25,Sinaloa,2,2013,0.0402,4.02,0
25,Sinaloa,3,2013,0.016,1.6,0
25,Sinaloa,4,2013,0.0545,5.45,0
25,Sinaloa,1,2014,0.0359,3.59,0
25,Sinaloa,2,2014,0.0236,2.36,0
25,Sinaloa,3,2014,0.0628,6.28,0
25,Sinaloa,4,2014,0.0448,4.48,0
25,Sinaloa,1,2015,0.0575,5.75,0
25,Sinaloa,2,2015,0.0245,2.45,0
25,Sinaloa,3,2015,0.0625,6.25,0
25,Sinaloa,4,2015,0.0423,4.23,0
25,Sinaloa,1,2016,0.0294,2.94,0
25,Sinaloa,2,2016,0.0392,3.92,0
25,Sinaloa,3,2016,0.0306,3.06,0
25,Sinaloa,4,2016,0.0502,5.02,0
25,Sinaloa,1,2017,0.0409,4.09,0
25,Sinaloa,2,2017,0.0355,3.55,0
25,Sinaloa,3,2017,0.0529,5.29,0
25,Sinaloa,4,2017,0.0238,2.38,0
25,Sinaloa,1,2018,0.0169,1.69,0
25,Sinaloa,2,2018,0.0355,3.55,0
25,Sinaloa,3,2018,0.0513,5.13,0
25,Sinaloa,4,2018,0.025,2.5,0
25,Sinaloa,1,2019,0.057,5.7,0
25,Sinaloa,2,2019,0.0408,4.08,0
25,Sinaloa,3,2019,0.0571,5.71,0
25,Sinaloa,4,2019,0.0242,2.42,0
25,Sinaloa,1,2020,0.0392,3.92,0
25,Sinaloa,2,2020,0.0313,3.13,0
25,Sinaloa,3,2020,0.0278,2.78,0
25,Sinaloa,4,2020,0.0067,0.67,0
26,Sonora,1,2004,0.0776,7.76,0
26,Sonora,2,2004,0.1017,10.17,0
26,Sonora,3,2004,0.0973,9.73,0
26,Sonora,4,2004,0.0625,6.25,0
26,Sonora,1,2005,0.1525,15.25,0
26,Sonora,2,2005,0.1064,10.64,0
26,Sonora,3,2005,0.1286,12.86,0
26,Sonora,4,2005,0.041,4.1,0
26,Sonora,1,2006,0.0985,9.85,0
26,Sonora,2,2006,0.0968,9.68,0
26,Sonora,3,2006,0.056,5.6,0
26,Sonora,4,2006,0.094,9.4,0
26,Sonora,1,2007,0.0517,5.17,0
26,Sonora,2,2007,0.0909,9.09,0
26,Sonora,3,2007,0.0709,7.09,0
26,Sonora,4,2007,0.0656,6.56,0
26,Sonora,1,2008,0.073,7.3,0
26,Sonora,2,2008,0.1532,15.32,0
26,Sonora,3,2008,0.0637,6.37,0
26,Sonora,4,2008,0.1154,11.54,0
26,Sonora,1,2009,0.0429,4.29,0
26,Sonora,2,2009,0.0848,8.48,0
26,Sonora,3,2009,0.0419,4.19,0
26,Sonora,4,2009,0.0725,7.25,0
26,Sonora,1,2010,0.0675,6.75,0
26,Sonora,2,2010,0.0833,8.33,0
26,Sonora,3,2010,0.0588,5.88,0
26,Sonora,4,2010,0.0331,3.31,0
26,Sonora,1,2011,0.0789,7.89,0
26,Sonora,2,2011,0.0484,4.84,0
26,Sonora,3,2011,0.0788,7.88,0
26,Sonora,4,2011,0.0886,8.86,0
26,Sonora,1,2012,0.092,9.2,0
26,Sonora,2,2012,0.0438,4.38,0
26,Sonora,3,2012,0.0846,8.46,0
26,Sonora,4,2012,0.0915,9.15,0
26,Sonora,1,2013,0.0985,9.85,0
26,Sonora,2,2013,0.0877,8.77,0
26,Sonora,3,2013,0.0667,6.67,0
26,Sonora,4,2013,0.0963,9.63,0
26,Sonora,1,2014,0.0625,6.25,0
26,Sonora,2,2014,0.102,10.2,0
26,Sonora,3,2014,0.0763,7.63,0
26,Sonora,4,2014,0.078,7.8,0
26,Sonora,1,2015,0.0738,7.38,0
26,Sonora,2,2015,0.0966,9.66,0
26,Sonora,3,2015,0.0658,6.58,0
26,Sonora,4,2015,0.1111,11.11,0
26,Sonora,1,2016,0.0738,7.38,0
26,Sonora,2,2016,0.0966,9.66,0
26,Sonora,3,2016,0.0658,6.58,0
26,Sonora,4,2016,0.1111,11.11,0
26,Sonora,1,2017,0.0938,9.38,0
26,Sonora,2,2017,0.1053,10.53,0
26,Sonora,3,2017,0.1438,14.38,0
26,Sonora,4,2017,0.0843,8.43,0
26,Sonora,1,2018,0.0941,9.41,0
26,Sonora,2,2018,0.1161,11.61,0
26,Sonora,3,2018,0.0947,9.47,0
26,Sonora,4,2018,0.1056,10.56,0
26,Sonora,1,2019,0.0701,7.01,0
26,Sonora,2,2019,0.0876,8.76,0
26,Sonora,3,2019,0.12,12,0
26,Sonora,4,2019,0.078,7.8,0
26,Sonora,1,2020,0.0585,5.85,0
26,Sonora,2,2020,0.0685,6.85,0
26,Sonora,3,2020,0.1029,10.29,0
26,Sonora,4,2020,0.1065,10.65,0
27,Tabasco,1,2004,0.1069,10.69,0
27,Tabasco,2,2004,0.1277,12.77,0
27,Tabasco,3,2004,0.0841,8.41,0
27,Tabasco,4,2004,0.1318,13.18,0
27,Tabasco,1,2005,0.127,12.7,0
27,Tabasco,2,2005,0.1724,17.24,0
27,Tabasco,3,2005,0.087,8.7,0
27,Tabasco,4,2005,0.122,12.2,0
27,Tabasco,1,2006,0.0866,8.66,0
27,Tabasco,2,2006,0.1064,10.64,0
27,Tabasco,3,2006,0.1556,15.56,0
27,Tabasco,4,2006,0.1027,10.27,0
27,Tabasco,1,2007,0.1241,12.41,0
27,Tabasco,2,2007,0.125,12.5,0
27,Tabasco,3,2007,0.1008,10.08,0
27,Tabasco,4,2007,0.1007,10.07,0
27,Tabasco,1,2008,0.0696,6.96,0
27,Tabasco,2,2008,0.0773,7.73,0
27,Tabasco,3,2008,0.1266,12.66,0
27,Tabasco,4,2008,0.0778,7.78,0
27,Tabasco,1,2009,0.0855,8.55,0
27,Tabasco,2,2009,0.1204,12.04,0
27,Tabasco,3,2009,0.0814,8.14,0
27,Tabasco,4,2009,0.1006,10.06,0
27,Tabasco,1,2010,0.1006,10.06,0
27,Tabasco,2,2010,0.0599,5.99,0
27,Tabasco,3,2010,0.1258,12.58,0
27,Tabasco,4,2010,0.0625,6.25,0
27,Tabasco,1,2011,0.1724,17.24,0
27,Tabasco,2,2011,0.1091,10.91,0
27,Tabasco,3,2011,0.14,14,0
27,Tabasco,4,2011,0.0719,7.19,0
27,Tabasco,1,2012,0.08,8,0
27,Tabasco,2,2012,0.087,8.7,0
27,Tabasco,3,2012,0.0933,9.33,0
27,Tabasco,4,2012,0.1635,16.35,0
27,Tabasco,1,2013,0.0903,9.03,0
27,Tabasco,2,2013,0.0641,6.41,0
27,Tabasco,3,2013,0.0976,9.76,0
27,Tabasco,4,2013,0.071,7.1,0
27,Tabasco,1,2014,0.0882,8.82,0
27,Tabasco,2,2014,0.0976,9.76,0
27,Tabasco,3,2014,0.0822,8.22,0
27,Tabasco,4,2014,0.0658,6.58,0
27,Tabasco,1,2015,0.0949,9.49,0
27,Tabasco,2,2015,0.067,6.7,0
27,Tabasco,3,2015,0.0982,9.82,0
27,Tabasco,4,2015,0.0769,7.69,0
27,Tabasco,1,2016,0.0962,9.62,0
27,Tabasco,2,2016,0.103,10.3,0
27,Tabasco,3,2016,0.0921,9.21,0
27,Tabasco,4,2016,0.0421,4.21,0
27,Tabasco,1,2017,0.0699,6.99,0
27,Tabasco,2,2017,0.0517,5.17,0
27,Tabasco,3,2017,0.0574,5.74,0
27,Tabasco,4,2017,0.0233,2.33,0
27,Tabasco,1,2018,0.0458,4.58,0
27,Tabasco,2,2018,0.0658,6.58,0
27,Tabasco,3,2018,0.0824,8.24,0
27,Tabasco,4,2018,0.0959,9.59,0
27,Tabasco,1,2019,0.0536,5.36,0
27,Tabasco,2,2019,0.0403,4.03,0
27,Tabasco,3,2019,0.0638,6.38,0
27,Tabasco,4,2019,0.0378,3.78,0
27,Tabasco,1,2020,0.0637,6.37,0
27,Tabasco,2,2020,0.0333,3.33,0
27,Tabasco,3,2020,0.0892,8.92,0
27,Tabasco,4,2020,0.0861,8.61,0
28,Tamaulipas,1,2004,0.093,9.3,0
28,Tamaulipas,2,2004,0.0464,4.64,0
28,Tamaulipas,3,2004,0.0815,8.15,0
28,Tamaulipas,4,2004,0.0569,5.69,0
28,Tamaulipas,1,2005,0.0787,7.87,0
28,Tamaulipas,2,2005,0.0699,6.99,0
28,Tamaulipas,3,2005,0.0746,7.46,0
28,Tamaulipas,4,2005,0.0637,6.37,0
28,Tamaulipas,1,2006,0.0408,4.08,0
28,Tamaulipas,2,2006,0.0584,5.84,0
28,Tamaulipas,3,2006,0.0838,8.38,0
28,Tamaulipas,4,2006,0.0863,8.63,0
28,Tamaulipas,1,2007,0.0678,6.78,0
28,Tamaulipas,2,2007,0.0515,5.15,0
28,Tamaulipas,3,2007,0.0797,7.97,0
28,Tamaulipas,4,2007,0.0694,6.94,0
28,Tamaulipas,1,2008,0.0385,3.85,0
28,Tamaulipas,2,2008,0.0584,5.84,0
28,Tamaulipas,3,2008,0.0592,5.92,0
28,Tamaulipas,4,2008,0.0574,5.74,0
28,Tamaulipas,1,2009,0.0576,5.76,0
28,Tamaulipas,2,2009,0.0823,8.23,0
28,Tamaulipas,3,2009,0.1124,11.24,0
28,Tamaulipas,4,2009,0.061,6.1,0
28,Tamaulipas,1,2010,0.0164,1.64,0
28,Tamaulipas,2,2010,0.0498,4.98,0
28,Tamaulipas,3,2010,0.0258,2.58,0
28,Tamaulipas,4,2010,0.0472,4.72,0
28,Tamaulipas,1,2011,0.0625,6.25,0
28,Tamaulipas,2,2011,0.0491,4.91,0
28,Tamaulipas,3,2011,0.0288,2.88,0
28,Tamaulipas,4,2011,0.0042,0.42,0
28,Tamaulipas,1,2012,0.0442,4.42,0
28,Tamaulipas,2,2012,0.0342,3.42,0
28,Tamaulipas,3,2012,0.028,2.8,0
28,Tamaulipas,4,2012,0.0476,4.76,0
28,Tamaulipas,1,2013,0.0411,4.11,0
28,Tamaulipas,2,2013,0.0958,9.58,0
28,Tamaulipas,3,2013,0.0662,6.62,0
28,Tamaulipas,4,2013,0.0265,2.65,0
28,Tamaulipas,1,2014,0.0452,4.52,0
28,Tamaulipas,2,2014,0.039,3.9,0
28,Tamaulipas,3,2014,0.0343,3.43,0
28,Tamaulipas,4,2014,0.0704,7.04,0
28,Tamaulipas,1,2015,0.044,4.4,0
28,Tamaulipas,2,2015,0.051,5.1,0
28,Tamaulipas,3,2015,0.0897,8.97,0
28,Tamaulipas,4,2015,0.049,4.9,0
28,Tamaulipas,1,2016,0.0387,3.87,0
28,Tamaulipas,2,2016,0.09,9,0
28,Tamaulipas,3,2016,0.0607,6.07,0
28,Tamaulipas,4,2016,0.0565,5.65,0
28,Tamaulipas,1,2017,0.0267,2.67,0
28,Tamaulipas,2,2017,0.0394,3.94,0
28,Tamaulipas,3,2017,0.043,4.3,0
28,Tamaulipas,4,2017,0.0288,2.88,0
28,Tamaulipas,1,2018,0.0394,3.94,0
28,Tamaulipas,2,2018,0.0324,3.24,0
28,Tamaulipas,3,2018,0.045,4.5,0
28,Tamaulipas,4,2018,0.04,4,0
28,Tamaulipas,1,2019,0.0364,3.64,0
28,Tamaulipas,2,2019,0.08,8,0
28,Tamaulipas,3,2019,0.0542,5.42,0
28,Tamaulipas,4,2019,0.0314,3.14,0
28,Tamaulipas,1,2020,0.0409,4.09,0
28,Tamaulipas,2,2020,0.0671,6.71,0
28,Tamaulipas,3,2020,0.0455,4.55,0
28,Tamaulipas,4,2020,0.0488,4.88,0
29,Tlaxcala,1,2004,0.0484,4.84,0
29,Tlaxcala,2,2004,0.0952,9.52,0
29,Tlaxcala,3,2004,0.0233,2.33,0
29,Tlaxcala,4,2004,0.0698,6.98,0
29,Tlaxcala,1,2005,0.15,15,0
29,Tlaxcala,2,2005,0.1481,14.81,0
29,Tlaxcala,3,2005,0.0784,7.84,0
29,Tlaxcala,4,2005,0.0179,1.79,0
29,Tlaxcala,1,2006,0.1613,16.13,0
29,Tlaxcala,2,2006,0.0545,5.45,0
29,Tlaxcala,3,2006,0.0392,3.92,0
29,Tlaxcala,4,2006,0.04,4,0
29,Tlaxcala,1,2007,0.0152,1.52,0
29,Tlaxcala,2,2007,0.02,2,0
29,Tlaxcala,3,2007,0.0588,5.88,0
29,Tlaxcala,4,2007,0.0357,3.57,0
29,Tlaxcala,1,2008,0,0,0
29,Tlaxcala,2,2008,0.0588,5.88,0
29,Tlaxcala,3,2008,0.1,10,0
29,Tlaxcala,4,2008,0.0238,2.38,0
29,Tlaxcala,1,2009,0.0571,5.71,0
29,Tlaxcala,2,2009,0.1,10,0
29,Tlaxcala,3,2009,0.0189,1.89,0
29,Tlaxcala,4,2009,0.0263,2.63,0
29,Tlaxcala,1,2010,0,0,0
29,Tlaxcala,2,2010,0.0656,6.56,0
29,Tlaxcala,3,2010,0.04,4,0
29,Tlaxcala,4,2010,0.0513,5.13,0
29,Tlaxcala,1,2011,0.1127,11.27,0
29,Tlaxcala,2,2011,0.0806,8.06,0
29,Tlaxcala,3,2011,0.125,12.5,0
29,Tlaxcala,4,2011,0.0938,9.38,0
29,Tlaxcala,1,2012,0.029,2.9,0
29,Tlaxcala,2,2012,0.125,12.5,0
29,Tlaxcala,3,2012,0.0984,9.84,0
29,Tlaxcala,4,2012,0.0678,6.78,0
29,Tlaxcala,1,2013,0.0723,7.23,0
29,Tlaxcala,2,2013,0.0492,4.92,0
29,Tlaxcala,3,2013,0.0351,3.51,0
29,Tlaxcala,4,2013,0.1563,15.63,0
29,Tlaxcala,1,2014,0.1207,12.07,0
29,Tlaxcala,2,2014,0.1017,10.17,0
29,Tlaxcala,3,2014,0.1224,12.24,0
29,Tlaxcala,4,2014,0.0806,8.06,0
29,Tlaxcala,1,2015,0.0727,7.27,0
29,Tlaxcala,2,2015,0.0921,9.21,0
29,Tlaxcala,3,2015,0.0588,5.88,0
29,Tlaxcala,4,2015,0.1053,10.53,0
29,Tlaxcala,1,2016,0.0674,6.74,0
29,Tlaxcala,2,2016,0.125,12.5,0
29,Tlaxcala,3,2016,0.0645,6.45,0
29,Tlaxcala,4,2016,0.0667,6.67,0
29,Tlaxcala,1,2017,0.1176,11.76,0
29,Tlaxcala,2,2017,0.125,12.5,0
29,Tlaxcala,3,2017,0.087,8.7,0
29,Tlaxcala,4,2017,0.0417,4.17,0
29,Tlaxcala,1,2018,0.0455,4.55,0
29,Tlaxcala,2,2018,0.1304,13.04,0
29,Tlaxcala,3,2018,0.0964,9.64,0
29,Tlaxcala,4,2018,0.1324,13.24,0
29,Tlaxcala,1,2019,0.1404,14.04,0
29,Tlaxcala,2,2019,0.12,12,0
29,Tlaxcala,3,2019,0.1447,14.47,0
29,Tlaxcala,4,2019,0.0147,1.47,0
29,Tlaxcala,1,2020,0.1014,10.14,0
29,Tlaxcala,2,2020,0.069,6.9,0
29,Tlaxcala,3,2020,0.0125,1.25,0
29,Tlaxcala,4,2020,0.0476,4.76,0
30,Veracruz,1,2004,0.0436,4.36,0
30,Veracruz,2,2004,0.0856,8.56,0
30,Veracruz,3,2004,0.0706,7.06,0
30,Veracruz,4,2004,0.0495,4.95,0
30,Veracruz,1,2005,0.0592,5.92,0
30,Veracruz,2,2005,0.0435,4.35,0
30,Veracruz,3,2005,0.0486,4.86,0
30,Veracruz,4,2005,0.047,4.7,0
30,Veracruz,1,2006,0.0361,3.61,0
30,Veracruz,2,2006,0.046,4.6,0
30,Veracruz,3,2006,0.0541,5.41,0
30,Veracruz,4,2006,0.0457,4.57,0
30,Veracruz,1,2007,0.0616,6.16,0
30,Veracruz,2,2007,0.0529,5.29,0
30,Veracruz,3,2007,0.0334,3.34,0
30,Veracruz,4,2007,0.0378,3.78,0
30,Veracruz,1,2008,0.0374,3.74,0
30,Veracruz,2,2008,0.0398,3.98,0
30,Veracruz,3,2008,0.0504,5.04,0
30,Veracruz,4,2008,0.042,4.2,0
30,Veracruz,1,2009,0.0446,4.46,0
30,Veracruz,2,2009,0.0752,7.52,0
30,Veracruz,3,2009,0.0554,5.54,0
30,Veracruz,4,2009,0.0445,4.45,0
30,Veracruz,1,2010,0.0487,4.87,0
30,Veracruz,2,2010,0.049,4.9,0
30,Veracruz,3,2010,0.0622,6.22,0
30,Veracruz,4,2010,0.0458,4.58,0
30,Veracruz,1,2011,0.0587,5.87,0
30,Veracruz,2,2011,0.0426,4.26,0
30,Veracruz,3,2011,0.0604,6.04,0
30,Veracruz,4,2011,0.0379,3.79,0
30,Veracruz,1,2012,0.0507,5.07,0
30,Veracruz,2,2012,0.0549,5.49,0
30,Veracruz,3,2012,0.0433,4.33,0
30,Veracruz,4,2012,0.0361,3.61,0
30,Veracruz,1,2013,0.0478,4.78,0
30,Veracruz,2,2013,0.0444,4.44,0
30,Veracruz,3,2013,0.0531,5.31,0
30,Veracruz,4,2013,0.0415,4.15,0
30,Veracruz,1,2014,0.0537,5.37,0
30,Veracruz,2,2014,0.0633,6.33,0
30,Veracruz,3,2014,0.0544,5.44,0
30,Veracruz,4,2014,0.0507,5.07,0
30,Veracruz,1,2015,0.0409,4.09,0
30,Veracruz,2,2015,0.0421,4.21,0
30,Veracruz,3,2015,0.0259,2.59,0
30,Veracruz,4,2015,0.0419,4.19,0
30,Veracruz,1,2016,0.0144,1.44,0
30,Veracruz,2,2016,0.0417,4.17,0
30,Veracruz,3,2016,0.037,3.7,0
30,Veracruz,4,2016,0.0276,2.76,0
30,Veracruz,1,2017,0.0407,4.07,0
30,Veracruz,2,2017,0.0463,4.63,0
30,Veracruz,3,2017,0.0238,2.38,0
30,Veracruz,4,2017,0.0453,4.53,0
30,Veracruz,1,2018,0.0383,3.83,0
30,Veracruz,2,2018,0.0539,5.39,0
30,Veracruz,3,2018,0.0541,5.41,0
30,Veracruz,4,2018,0.0563,5.63,0
30,Veracruz,1,2019,0.0397,3.97,0
30,Veracruz,2,2019,0.0293,2.93,0
30,Veracruz,3,2019,0.0342,3.42,0
30,Veracruz,4,2019,0.0344,3.44,0
30,Veracruz,1,2020,0.0789,7.89,0
30,Veracruz,2,2020,0.0475,4.75,0
30,Veracruz,3,2020,0.0703,7.03,0
30,Veracruz,4,2020,0.0492,4.92,0
31,Yucatán,1,2004,0.1385,13.85,0
31,Yucatán,2,2004,0.1692,16.92,0
31,Yucatán,3,2004,0.1282,12.82,0
31,Yucatán,4,2004,0.2222,22.22,0
31,Yucatán,1,2005,0.129,12.9,0
31,Yucatán,2,2005,0.1471,14.71,0
31,Yucatán,3,2005,0.1385,13.85,0
31,Yucatán,4,2005,0.1,10,0
31,Yucatán,1,2006,0.1707,17.07,0
31,Yucatán,2,2006,0.1754,17.54,0
31,Yucatán,3,2006,0.1605,16.05,0
31,Yucatán,4,2006,0.1882,18.82,0
31,Yucatán,1,2007,0.163,16.3,0
31,Yucatán,2,2007,0.0964,9.64,0
31,Yucatán,3,2007,0.1266,12.66,0
31,Yucatán,4,2007,0.1319,13.19,0
31,Yucatán,1,2008,0.1912,19.12,0
31,Yucatán,2,2008,0.2286,22.86,0
31,Yucatán,3,2008,0.1471,14.71,0
31,Yucatán,4,2008,0.1408,14.08,0
31,Yucatán,1,2009,0.2027,20.27,0
31,Yucatán,2,2009,0.1717,17.17,0
31,Yucatán,3,2009,0.1633,16.33,0
31,Yucatán,4,2009,0.1954,19.54,0
31,Yucatán,1,2010,0.1772,17.72,0
31,Yucatán,2,2010,0.2319,23.19,0
31,Yucatán,3,2010,0.1548,15.48,0
31,Yucatán,4,2010,0.2078,20.78,0
31,Yucatán,1,2011,0.2073,20.73,0
31,Yucatán,2,2011,0.1618,16.18,0
31,Yucatán,3,2011,0.3103,31.03,0
31,Yucatán,4,2011,0.1519,15.19,0
31,Yucatán,1,2012,0.2237,22.37,0
31,Yucatán,2,2012,0.1528,15.28,0
31,Yucatán,3,2012,0.1728,17.28,0
31,Yucatán,4,2012,0.0972,9.72,0
31,Yucatán,1,2013,0.0909,9.09,0
31,Yucatán,2,2013,0.2254,22.54,0
31,Yucatán,3,2013,0.1111,11.11,0
31,Yucatán,4,2013,0.1333,13.33,0
31,Yucatán,1,2014,0.1159,11.59,0
31,Yucatán,2,2014,0.0824,8.24,0
31,Yucatán,3,2014,0.2262,22.62,0
31,Yucatán,4,2014,0.175,17.5,0
31,Yucatán,1,2015,0.1538,15.38,0
31,Yucatán,2,2015,0.225,22.5,0
31,Yucatán,3,2015,0.1176,11.76,0
31,Yucatán,4,2015,0.1818,18.18,0
31,Yucatán,1,2016,0.2031,20.31,0
31,Yucatán,2,2016,0.1515,15.15,0
31,Yucatán,3,2016,0.1895,18.95,0
31,Yucatán,4,2016,0.1034,10.34,0
31,Yucatán,1,2017,0.1029,10.29,0
31,Yucatán,2,2017,0.1667,16.67,0
31,Yucatán,3,2017,0.1791,17.91,0
31,Yucatán,4,2017,0.0923,9.23,0
31,Yucatán,1,2018,0.1216,12.16,0
31,Yucatán,2,2018,0.1648,16.48,0
31,Yucatán,3,2018,0.1919,19.19,0
31,Yucatán,4,2018,0.1398,13.98,0
31,Yucatán,1,2019,0.1685,16.85,0
31,Yucatán,2,2019,0.2029,20.29,0
31,Yucatán,3,2019,0.2289,22.89,0
31,Yucatán,4,2019,0.1707,17.07,0
31,Yucatán,1,2020,0.3167,31.67,0
31,Yucatán,2,2020,0.1912,19.12,0
31,Yucatán,3,2020,0.2283,22.83,0
31,Yucatán,4,2020,0.1972,19.72,0
32,Zacatecas,1,2004,0.0253,2.53,0
32,Zacatecas,2,2004,0.0714,7.14,0
32,Zacatecas,3,2004,0.0167,1.67,0
32,Zacatecas,4,2004,0.0488,4.88,0
32,Zacatecas,1,2005,0.039,3.9,0
32,Zacatecas,2,2005,0.0814,8.14,0
32,Zacatecas,3,2005,0.1282,12.82,0
32,Zacatecas,4,2005,0.0366,3.66,0
32,Zacatecas,1,2006,0.039,3.9,0
32,Zacatecas,2,2006,0.0241,2.41,0
32,Zacatecas,3,2006,0.0563,5.63,0
32,Zacatecas,4,2006,0.0426,4.26,0
32,Zacatecas,1,2007,0.0122,1.22,0
32,Zacatecas,2,2007,0.0741,7.41,0
32,Zacatecas,3,2007,0.0641,6.41,0
32,Zacatecas,4,2007,0.0633,6.33,0
32,Zacatecas,1,2008,0.0103,1.03,0
32,Zacatecas,2,2008,0.0515,5.15,0
32,Zacatecas,3,2008,0.0135,1.35,0
32,Zacatecas,4,2008,0.0349,3.49,0
32,Zacatecas,1,2009,0.0326,3.26,0
32,Zacatecas,2,2009,0.068,6.8,0
32,Zacatecas,3,2009,0.096,9.6,0
32,Zacatecas,4,2009,0.031,3.1,0
32,Zacatecas,1,2010,0.0515,5.15,0
32,Zacatecas,2,2010,0.0667,6.67,0
32,Zacatecas,3,2010,0.0769,7.69,0
32,Zacatecas,4,2010,0.0283,2.83,0
32,Zacatecas,1,2011,0.0515,5.15,0
32,Zacatecas,2,2011,0.1083,10.83,0
32,Zacatecas,3,2011,0.0392,3.92,0
32,Zacatecas,4,2011,0.1,10,0
32,Zacatecas,1,2012,0.0536,5.36,0
32,Zacatecas,2,2012,0.05,5,0
32,Zacatecas,3,2012,0.0485,4.85,0
32,Zacatecas,4,2012,0.0231,2.31,0
32,Zacatecas,1,2013,0.0603,6.03,0
32,Zacatecas,2,2013,0.0333,3.33,0
32,Zacatecas,3,2013,0.0549,5.49,0
32,Zacatecas,4,2013,0.0112,1.12,0
32,Zacatecas,1,2014,0.0769,7.69,0
32,Zacatecas,2,2014,0.1011,10.11,0
32,Zacatecas,3,2014,0.0602,6.02,0
32,Zacatecas,4,2014,0.0515,5.15,0
32,Zacatecas,1,2015,0.0989,9.89,0
32,Zacatecas,2,2015,0.0619,6.19,0
32,Zacatecas,3,2015,0.0885,8.85,0
32,Zacatecas,4,2015,0.0842,8.42,0
32,Zacatecas,1,2016,0.0661,6.61,0
32,Zacatecas,2,2016,0.0325,3.25,0
32,Zacatecas,3,2016,0.0323,3.23,0
32,Zacatecas,4,2016,0.0738,7.38,0
32,Zacatecas,1,2017,0.0821,8.21,0
32,Zacatecas,2,2017,0.12,12,0
32,Zacatecas,3,2017,0.0692,6.92,0
32,Zacatecas,4,2017,0.0857,8.57,0
32,Zacatecas,1,2018,0.0821,8.21,0
32,Zacatecas,2,2018,0.1009,10.09,0
32,Zacatecas,3,2018,0.0244,2.44,0
32,Zacatecas,4,2018,0.0236,2.36,0
32,Zacatecas,1,2019,0.0897,8.97,0
32,Zacatecas,2,2019,0.0074,0.74,0
32,Zacatecas,3,2019,0.0273,2.73,0
32,Zacatecas,4,2019,0.073,7.3,0
32,Zacatecas,1,2020,0.0494,4.94,0
32,Zacatecas,2,2020,0.0852,8.52,0
32,Zacatecas,3,2020,0.055,5.5,0
32,Zacatecas,4,2020,0.0588,5.88,0
